id,codigo,nombre,cantonId
1,6875,CAMILO PONCE ENRIQUEZ,1
2,1130,EL CARMEN DE PIJILI,1
3,6435,CHORDELEG,2
4,1535,LA UNION,2
5,1585,LUIS GALARZA O. (DELEGSOL),2
6,2950,PRINCIPAL,2
7,1575,SAN MARTIN DE PUZHIO,2
8,285,BAÑOS,3
9,5075,BELLAVISTA,3
10,5080,CAÑARIBAMBA,3
11,845,CHAUCHA / ANGAS,3
12,860,CHECA JIDCAY,3
13,905,CHIQUINTAD,3
14,730,CUMBE,3
15,5135,EL BATAN,3
16,5330,EL VECINO,3
17,6865,HERMANO MIGUEL,3
18,5450,HUAYNACAPAC,3
19,2255,LLACAO,3
20,5140,MACHANGARA,3
21,2430,MOLLETURO,3
22,5290,MONAY,3
23,2570,MULTI /  NULTI,3
24,2595,OCTAVIO CORDERO PALACIOS,3
25,2680,PACCHA,3
26,3105,QUINGEO,3
27,5875,RAMIREZ DAVALOS,3
28,3165,RICAURTE,3
29,5905,SAGRARIO,3
30,5930,SAN BLAS,3
31,3460,SAN JOAQUIN,3
32,6010,SAN SEBASTIAN,3
33,3685,SANTA ANA,3
34,3795,SAYAUSI,3
35,3850,SIDCAY,3
36,3870,SININCAY,3
37,6090,SUCRE,3
38,3980,TARQUI,3
39,5360,TOTORACOCHA,3
40,4095,TURI,3
41,4200,VALLE,3
42,4225,VICTORIA DEL PORTETE,3
43,5370,YANUNCAY,3
44,6485,EL PAN,4
45,1650,SAN VICENTE,4
46,175,ASUNCION,5
47,5395,GIRON,5
48,885,SAN GERARDO,5
49,6615,GUACHAPALA,6
50,1005,DANIEL CORDOVA TORAL,7
51,5420,GUALACEO,7
52,1805,JADAN,7
53,1760,LUIS CORDERO VEGA,7
54,2385,MARIANO MORENO/CALLASAY,7
55,3160,REMIGIO CRESPO TORAL,7
56,3505,SAN JUAN,7
57,3780,SIMON BOLIVAR,7
58,4340,ZHIDMAD,7
59,575,COCHAPATA,8
60,1175,EL PROGRESO,8
61,6595,NABON,8
62,2550,NIEVES,8
63,6360,OÑA,9
64,1540,SUSUDEL,9
65,395,BULAN / J. VICTOR IZQUIERDO,10
66,870,CHICAN / GUILLERMO ORTEGA,10
67,890,DUG-DUG,10
68,4565,EL CABO,10
69,1455,GUARAINAC,10
70,5775,PAUTE,10
71,3375,SAN CRISTOBAL,10
72,4050,TOMEBAMBA,10
73,5690,PUCARA,11
74,1690,SAN RAFAEL DE SHARUG,11
75,4560,CHUMBLIN,12
76,6565,SAN FERNANDO,12
77,15,ABDON CALDERON / LA UNION,13
78,4610,SAN SALVADOR DE CAÑARIBAMBA,13
79,6045,SANTA ISABEL,13
80,3835,SHAGLLI,13
81,85,AMALUZA,14
82,2725,PALMAS,14
83,6480,SEVILLA DE ORO,14
84,750,CUTCHIL,15
85,1355,GIMA,15
86,1490,GUEL,15
87,2215,LUDO,15
88,3360,SAN BARTOLOME,15
89,3495,SAN JOSE DE RARANGA,15
90,6085,SIGSIG,15
91,6340,CALUMA / SAN ANTONIO/,16
92,5245,CHILLANES,17
93,3500,SAN JOSE DE TAMBO,17
94,170,ASUNCION,18
95,2315,MAGDALENA/CHAPACOTO,18
96,5975,SAN JOSE DE CHIMBO,18
97,3655,SAN SEBASTIAN,18
98,3995,TELIMBELA,18
99,5350,ECHEANDIA,19
100,5035,ANGEL POLIVIO CHAVEZ,20
101,1255,FACUNDO VELA,20
102,5375,GABRIEL I VEINTIMILLA,20
103,6630,GUANUJO,20
104,1890,JULIO E MORENO,20
105,3285,SALINAS,20
106,3545,SAN LORENZO,20
107,795,SAN LUIS DE PAMBIL,20
108,3670,SAN SIMON,20
109,3710,SANTA FE,20
110,3860,SIMIATUG,20
111,6475,LAS MERCEDES,21
112,6470,LAS NAVES,21
113,275,BALZAPAMBA,22
114,345,BILOVAN,22
115,4515,REGULO DE MORA,22
116,5995,SAN MIGUEL,22
117,3595,SAN PABLO DE ATENAS,22
118,3900,SAN VICENTE,22
119,3775,SANTIAGO,22
120,6845,AURELIO BAYAS MARTINEZ,23
121,5065,AZOGUES,23
122,6790,BORRERO,23
123,585,COJITAMBO,23
124,1445,GUAPAN,23
125,1825,JAVIER LOYOLA / CHUQUIPATA,23
126,2220,LUIS CORDERO,23
127,2885,PINDILIG,23
128,3210,RIVERA,23
129,5950,SAN FRANCISCO,23
130,3575,SAN MIGUEL,23
131,3945,TADAY,23
132,5115,BIBLIAN,24
133,1085,JERUSALEN,24
134,2545,NAZON,24
135,3410,SAN FCO. DE SAGEO,24
136,4100,TURUPAMBA,24
137,5160,CAÑAR,25
138,935,CHONTAMARCA,25
139,950,CHOROCOPTE,25
140,1895,DUCUR,25
141,1335,GRAL.MORALES / SOCARTE,25
142,1410,GUALLETURO,25
143,1605,HONORATO VASQUEZ,25
144,1725,INGAPIRCA,25
145,1900,JUNCAL,25
146,3305,SAN ANTONIO,25
147,1775,VENTURA,25
148,4345,ZHUD,25
149,6425,DELEG,26
150,3875,SOLANO,26
151,6345,EL TAMBO,27
152,5610,LA TRONCAL,28
153,2365,MANUEL J. CALLE,28
154,2745,PANCHO NEGRO,28
155,6715,SUSCAL,29
156,6520,BOLIVAR,30
157,1315,GARCIA MORENO,30
158,2205,LOS ANDES,30
159,2455,MONTEOLIVO,30
160,1055,SAN RAFAEL,30
161,3680,SAN VICENTE DE PUSIR,30
162,6250,27 DE SEPTIEMBRE,31
163,5295,EL ANGEL,31
164,1150,EL GOALTAL / LAS JUNTAS,31
165,2040,LA LIBERTAD,31
166,3435,SAN ISIDRO,31
167,1835,JIJON Y CAAMAÑO,32
168,1875,JUAN MONTALVO,32
169,2010,LA CONCEPCION,32
170,5685,MIRA,32
171,910,CHITAN DE NAVARRETES,33
172,690,CRISTOBAL COLON,33
173,1270,FERNANDEZ SALVADOR,33
174,5405,GONZALEZ SUAREZ,33
175,2065,LA PAZ,33
176,250,PIARTAL,33
177,5970,SAN JOSE,33
178,6665,HUACA,34
179,1520,MARISCAL SUCRE,34
180,1125,EL CARMELO/EL PUN/,35
181,1195,EL CHICAL,35
182,5415,GONZALEZ SUAREZ,35
183,1885,JULIO ANDRADE,35
184,2340,MALDONADO,35
185,2900,PIOTER,35
186,1765,SANTA MARTHA DE CUBA,35
187,4040,TOBAR DONOSO,35
188,4070,TUFIÑO,35
189,6165,TULCAN,35
190,4130,URBINA,35
191,6880,EL CARMEN,36
192,6895,EL TRIUNFO,36
193,1500,GUASAGANDA,36
194,6535,LA MANA,36
195,2965,PUCAYACO,36
196,2620,11 DE NOVIEMBRE,37
197,35,ALAQUEZ,37
198,315,BELISARIO QUEVEDO,37
199,5310,ELOY ALFARO / SAN FELIPE,37
200,1485,GUAYTACAMA,37
201,5465,IGNACIO FLORES,37
202,1905,JOSEGUANGO BAJO,37
203,5500,JUAN MONTALVO,37
204,5555,LA MATRIZ,37
205,2480,MULALO,37
206,2920,POALO,37
207,5940,SAN BUENAVENTURA,37
208,3530,SAN JUAN DE PASTOCALLE,37
209,3965,TANICUCHI,37
210,4035,TOACAZO,37
211,5305,EL CORAZON,38
212,2460,MORASPUNGO,38
213,2890,PINLLOPATA,38
214,3155,RAMON CAMPAÑA,38
215,125,ANGAMARCA,39
216,1430,GUANGAJE,39
217,2150,LA VICTORIA,39
218,2865,PILALO,39
219,5820,PUJILI,39
220,4015,TINGO,39
221,4365,ZUMBAHUA,39
222,135,ANTONIO J. HOLGUIN,40
223,745,CUSUBAMBA,40
224,2475,MULALILLO,40
225,2490,MULLIQUINDIL,40
226,2760,PANZALEO,40
227,6000,SAN MIGUEL DE SALCEDO,40
228,465,CANCHAGUA,41
229,830,CHANTILIN,41
230,990,COCHAPAMBA,41
231,6070,SAQUISILI,41
232,960,CHUGCHILAN,42
233,1735,ISINLIVI,42
234,2115,LAS PAMPAS,42
235,815,PALO QUEMADO,42
236,6450,SIGCHOS,42
237,20,ACHUPALLAS,43
238,5010,ALAUSI,43
239,1465,GUASUNTOS,43
240,1660,HUIGRA,43
241,2485,MULTITUD,43
242,2905,PISTISHI,43
243,3025,PUMALLACTA,43
244,3820,SEVILLA,43
245,3845,SIBAMBE,43
246,4030,TIXAN,43
247,5475,CHAMBO,44
248,515,CAPZOL,45
249,5255,CHUNCHI,45
250,615,COMPUD,45
251,1370,GONZOL,45
252,2260,LLAGOS,45
253,5145,CAJABAMBA,46
254,500,CANI,46
255,610,COLUMBE,46
256,1865,JUAN DE VELASCO / PONGOR,46
257,4430,SANTIAGO DE QUITO,46
258,6080,SICALPA,46
259,6420,CUMANDA,47
260,555,CEBADAS,48
261,5430,GUAMOTE,48
262,2730,PALMIRA,48
263,5315,EL ROSARIO,49
264,1415,GUANANDO,49
265,1705,ILAPO,49
266,5550,LA MATRIZ,49
267,2080,LA PROVIDENCIA,49
268,3295,SAN ANDRES,49
269,3425,SAN GERARDO / PAQUICAHUAN,49
270,3450,SAN ISIDRO DE PATULU,49
271,45,SAN JOSE DEL CHAZO,49
272,40,SANTA FE DE GALAN,49
273,410,VALPARAISO,49
274,6540,PALLATANGA,50
275,1325,BILBAO,51
276,1110,EL ALTAR,51
277,925,LA CANDELARIA,51
278,2400,MATUS,51
279,5740,PENIPE,51
280,2975,PUELA,51
281,3335,SAN ANTONIO DE BAYUSHIG,51
282,420,CACHA,52
283,445,CALPI,52
284,705,CUBIJIES,52
285,1280,FLORES,52
286,2160,LICAN,52
287,2165,LICTO,52
288,5590,LIZARZABURU,52
289,5630,MALDONADO,52
290,3035,PUNGALA,52
291,3040,PUNIN,52
292,3095,QUIMIAG,52
293,3515,SAN JUAN,52
294,3560,SAN LUIS,52
295,6220,VELASCO,52
296,6230,VELOZ,52
297,6290,YARUQUIES,52
298,5040,ARENILLAS,53
299,1695,CARCABON,53
300,805,CHACRAS,53
301,4650,LA CUCA,53
302,2715,PALMALES,53
303,225,AYAPAMBA,54
304,4480,CORDONCILLO,54
305,4535,MILAGRO,54
306,5745,PACCHA,54
307,4530,SAN JOSE,54
308,375,SAN JUAN DE CERRO AZUL,54
309,6590,BALSAS,55
310,1975,BELLAMARIA,55
311,5715,CHILLA,56
312,300,BARBONES,57
313,5340,EL GUABO,57
314,245,LA IBERIA,57
315,2050,RIO BONITO,57
316,4000,TENDALES,57
317,6815,ECUADOR,58
318,6810,EL PARAISO,58
319,6800,HUALTACO,58
320,6805,MILTON REYES,58
321,6820,UNION LOJANA,58
322,1080,EL PARAISO,59
323,1100,LA LIBERTAD,59
324,6335,LA VICTORIA/LAS LAJAS,59
325,6950,PLATANILLOS,59
326,1075,SAN ISIDRO,59
327,6490,9 DE MAYO,60
328,6795,EL CAMBIO,60
329,255,EL RETIRO,60
330,7510,JAMBELI,60
331,7505,JUBONES,60
332,5565,LA PROVIDENCIA,60
333,5625,MACHALA,60
334,5805,PUERTO BOLIVAR,60
335,160,EL INGENIO,61
336,6570,MARCABELI,61
337,6370,BOLIVAR,62
338,390,BUENAVISTA,62
339,775,CAÑAQUEMADA,62
340,4495,CASACAY,62
341,2075,LA PEAÑA,62
342,6365,LOMA DE FRANCO,62
343,5770,OCHOA LEON/MATRIZ,62
344,1225,PROGRESO,62
345,6375,TRES CERRITOS,62
346,4160,UZHCURRUMI,62
347,505,CAPIRO,63
348,2230,LA BOCANA,63
349,6680,LA SUSAYA,63
350,2465,MOROMORO,63
351,2850,PIEDRAS,63
352,5790,PIÑAS,63
353,6675,PIÑAS GRANDE,63
354,3650,SAN ROQUE,63
355,1385,SARACAY,63
356,740,CURTINCAPAC,64
357,4520,MORALES,64
358,5850,PORTOVELO,64
359,3275,SALATI,64
360,6900,BALNEARIO JAMBELI,65
361,1665,BELLAMARIA,65
362,325,BELLAVISTA,65
363,1815,JAMBELI,65
364,6985,JUMON,65
365,2005,LA AVANZADA,65
366,6990,NUEVO SANTA ROSA,65
367,6670,PUERTO JELI,65
368,3330,SAN ANTONIO,65
369,6060,SANTA ROSA,65
370,4525,TORATA,65
371,4215,VICTORIA,65
372,5,ABANIN,66
373,4445,ARCAPAMBA,66
374,1420,GUANAZAN,66
375,1425,GUIZHAGUIÑA,66
376,1655,HUERTAS,66
377,2350,MALVAS,66
378,4450,MULUNCAY GRANDE,66
379,1750,SALVIAS,66
380,1700,SINSAO,66
381,6310,ZARUMA,66
382,6380,ATACAMES,67
383,2130,LA UNION,67
384,3880,SUA/BOCANA,67
385,4055,TONCHIGUE,67
386,1615,TONSUPA,67
387,120,ANCHAYACU,68
388,200,ATAHUALPA/CAMARONES,68
389,370,BORBON,68
390,1510,COLON ELOY DE MARIA,68
391,2125,LA TOLA,68
392,2225,LUIS VARGAS TORRES,68
393,2335,MALDONADO,68
394,2670,PAMPANAL DE BOLIVAR,68
395,3405,SAN FRANCISCO DE ONZOLE,68
396,1505,SAN JOSE DE CAYAPAS,68
397,4595,SANTA LUCIA DE LAS PEÑAS,68
398,4465,SANTO DOMINGO DE ONZOLE,68
399,3805,SELVA ALEGRE,68
400,4170,TELEMBI,68
401,1515,TIMBIRE,68
402,6205,VALDEZ/LIMONES/,68
403,5210,5 DE AGOSTO,69
404,5205,BARTOLOME RUIZ,69
405,450,CAMARONES,69
406,895,CHINCA,69
407,655,CRNL.CARLOS CONCHA TORRES,69
408,5335,ESMERALDAS,69
409,5600,LUIS TELLO / LAS PALMAS /,69
410,2320,MAJUA,69
411,3570,SAN MATEO,69
412,6905,SIMON PLATA TORRES,69
413,3930,TABIAZO,69
414,3940,TACHINA,69
415,4240,VUELTA LARGA,69
416,355,BOLIVAR,70
417,1010,DAULE,70
418,1305,GALERA,70
419,5670,MUISNE,70
420,3125,QUINGUE,70
421,3280,SALIMA,70
422,3390,SAN FRANCISCO,70
423,3430,SAN GREGORIO,70
424,3470,SAN JOSE DE CHAMANGA,70
425,980,CHURA,71
426,700,CUBE / CHANCAMA,71
427,1530,LA UNION,71
428,2345,MALIMPIA / GUAYLLABAMBA,71
429,5895,ROSA ZARATE,71
430,4230,VICHE,71
431,930,CHONTADURO,72
432,965,CHUMUNDE,72
433,2035,LAGARTO,72
434,2445,MONTALVO / HORQUETA,72
435,6720,RIO VERDE,72
436,3215,ROCAFUERTE,72
437,570,5 DE JUNIO/HUIMBI,73
438,70,ALTO TAMBO/GUADAL,73
439,110,ANCON/PALMA REAL,73
440,435,CALDERON,73
441,535,CARONDELET,73
442,620,CONCEPCION,73
443,2395,MATAJE,73
444,3455,SAN JAVIER DE CACHABI,73
445,6130,SAN LORENZO,73
446,3725,SANTA RITA,73
447,3955,TAMBILLO,73
448,4075,TULULBI /RICAURTE,73
449,4125,URBINA,73
450,5355,FEBRES CORDERO,74
451,6265,XIMENA,74
452,6405,PASCUALES,75
453,6150,TARQUI,75
454,7515,DIVINO NIÑO,76
455,7455,EL RECREO,76
456,6525,ELOY ALFARO /DURAN,76
457,5695,9 DE OCTUBRE,77
458,5055,AYACUCHO,77
459,5125,BOLIVAR/SAGRARIO,77
460,5170,CARBO/CONCEPCION,77
461,5380,GARCIA MORENO,77
462,1870,JUAN GOMEZ RENDON,77
463,5585,LETAMENDI,77
464,2470,MORRO,77
465,5720,OLMEDO/SAN ALEJO,77
466,2940,POSORJA,77
467,3030,PUNA,77
468,5880,ROCA,77
469,5890,ROCAFUERTE,77
470,6095,SUCRE,77
471,6150,TARQUI,77
472,4120,TENGUEL,77
473,6185,URDANETA,77
474,6255,GRAL.VILLAMIL / PLAYAS,78
475,7445,LA PUNTILLA(SATELITE),79
476,5925,SAMBORONDON,79
477,3975,TARIFA,79
478,6545,A.BAQUERIZO M /JUJAN,80
479,5470,BALAO,81
480,5100,BALZAR,82
481,5365,COLIMES,83
482,1435,SAN JACINTO,83
483,6410,CRNL MARCELINO MARIDUENAS,84
484,5275,DAULE,85
485,4500,EL LAUREL,85
486,1855,JUAN BAUTISTA AGUIRRE,85
487,6850,LA AURORA,85
488,2105,LAS LOJAS,85
489,260,LIMONAL,85
490,7425,MAGRO,85
491,1640,EL ROSARIO,86
492,1470,GUAYAS / PUERTO NUEVO,86
493,6225,VELASCO IBARRA,86
494,5345,EL TRIUNFO,87
495,6620,GRAL.ELIZALDE /BUCAY,88
496,6710,ISIDRO AYORA,89
497,6440,LOMAS DE SARGENTILLO,90
498,920,CHOBO,91
499,2390,MARISCAL SUCRE/HUAQUES,91
500,5660,MILAGRO,91
501,3235,ROBERTO ASTUDILLO,91
502,1830,JESUS MARIA,92
503,5675,NARANJAL,92
504,3370,SAN CARLOS,92
505,3740,SANTA ROSA DE FLANDES,92
506,3990,TAURA,92
507,5705,NARANJITO,93
508,6460,NARCISA DE JESUS,94
509,5725,PALESTINA,95
510,5735,PEDRO CARBO,96
511,1670,SABANILLA,96
512,185,VALLE DE LA VIRGEN,96
513,5120,BOCANA,97
514,5155,CANDILEJOS,97
515,1350,GRAL. VERNAZA,97
516,1595,JUNQUILLAL,97
517,5765,PARAISO,97
518,5200,SALITRE,97
519,5990,SAN MATEO,97
520,4220,VICTORIA,97
521,6580,SANTA LUCIA,98
522,660,CRNEL. LORENZO GARAICOA,99
523,6385,SIMON BOLIVAR,99
524,1340,GRAL.PEDRO MONTERO,100
525,1915,VIRGEN DE FATIMA,100
526,6285,YAGUACHI NUEVO,100
527,4275,YAGUACHI VIEJO/CONE,100
528,5025,ANDRADE MARIN/LOURDES,101
529,5050,ATUNTAQUI,101
530,1715,IMBAYA,101
531,3400,SAN FCO.DE NATABUELA,101
532,3465,SAN JOSE DE CHALTURA,101
533,3640,SAN ROQUE,101
534,3800,6 DE JULIO DE CUELLAJE,102
535,145,APUELA,102
536,1310,GARCIA MORENO / LLURIMAGUA,102
537,1710,IMANTAG,102
538,2820,PEÑAHERRERA,102
539,2915,PLAZA GUTIERREZ/CALVARIO,102
540,3115,QUIROGA,102
541,5910,SAGRARIO,102
542,5955,SAN FRANCISCO,102
543,4185,VACAS GALINDO,102
544,100,AMBUQUI/CHOTA,103
545,130,ANGOCHAGUA,103
546,5165,CARANQUI,103
547,530,CAROLINA /GUALLUPI,103
548,5440,GUAYAQUIL DE ALPACHACA,103
549,6780,LA DOLOROSA DEL PRIORATO,103
550,2020,LA ESPERANZA,103
551,2185,LITA,103
552,5915,SAGRARIO,103
553,3290,SALINAS,103
554,3315,SAN ANTONIO,103
555,5960,SAN FRANCISCO,103
556,1040,DR MIGUEL EGAS/PEGUCHE,104
557,1215,EUGENIO ESPEJO,104
558,1360,GONZALEZ SUAREZ,104
559,5490,JORDAN,104
560,2785,PATAQUI,104
561,3490,SAN JOSE DE QUICHINCHE,104
562,3525,SAN JUAN DE ILUMAN,104
563,5980,SAN LUIS,104
564,3590,SAN PABLO,104
565,3630,SAN RAFAEL,104
566,3810,SELVA ALEGRE,104
567,955,CHUGA,105
568,2380,MARIANO ACOSTA,105
569,5750,PIMAMPIRO,105
570,3415,SAN FRANCISCO DE SIGSIPAMBA,105
571,425,CAHUASQUI,106
572,2060,LA MERCED DE BUENOS AIRES,106
573,2675,PABLO ARENAS,106
574,3365,SAN BLAS,106
575,4080,TUMBABIRO,106
576,6190,URCUQUI,106
577,5175,CARIAMANGA,107
578,5240,CHILE,107
579,590,COLAIZACA,107
580,1230,EL LUCERO,107
581,6025,SAN VICENTE,107
582,1550,SANGUILLIN,107
583,4150,UTUANA,107
584,5270,CATAMAYO,108
585,1200,EL TAMBO,108
586,1480,GUAYQUICHUMA,108
587,6825,SAN JOSE,108
588,3610,SAN PEDRO DE LA BENDITA,108
589,4455,ZAMBI,108
590,5195,CELICA,109
591,695,CRUZPAMBA/BUSTAMANTE,109
592,3255,SABANILLA,109
593,3535,SAN JUAN DE POZUL,109
594,1495,TNTE M.RODRIGUEZ LOAYZA,109
595,1450,AMARILLOS,110
596,385,BUENAVISTA,110
597,6530,CHAGUARPAMBA,110
598,1180,EL ROSARIO,110
599,3755,SANTA RUFINA,110
600,4460,27 DE ABRIL /LA NARANJA,111
601,5020,AMALUZA,111
602,320,BELLAVISTA,111
603,1645,EL AIRO,111
604,790,EL INGENIO,111
605,1845,JIMBURA,111
606,3765,SANTA TERESITA,111
607,825,CHANGAIMINA /LA LIBERTAD,112
608,5400,GONZANAMA,112
609,2520,NAMBACOLA,112
610,3045,PURUNUMA /EGUIGUREN,112
611,3270,SACAPALCA,112
612,7525,CARIGAN,113
613,4475,CHANTACO,113
614,975,CHUQUIRIBAMBA,113
615,1135,EL CISNE,113
616,5320,EL SAGRARIO,113
617,6210,EL VALLE,113
618,1405,GUALEL,113
619,1840,JIMBILLA,113
620,2325,MALACATOS/VALLADOLID,113
621,7530,PUNZARA,113
622,1780,QUINARA,113
623,3555,SAN LUCAS,113
624,4540,SAN PEDRO DE VILCABAMBA,113
625,6015,SAN SEBASTIAN,113
626,3770,SANTIAGO,113
627,6100,SUCRE,113
628,3970,TAQUIL /MIGUEL RIOFRIO,113
629,4235,VILCABAMBA/VICTORIA,113
630,4280,YANGANA / ARSENIO CASTILLO,113
631,5385,GRAL.ELOY ALFARO,114
632,2085,LA RAMA,114
633,2145,LA VICTORIA,114
634,5680,MACARA,114
635,3265,SABIANGO,114
636,2120,LA TINGUE,115
637,6730,OLMEDO,115
638,485,CANGONAMA,116
639,995,CASANGA,116
640,5180,CATACOCHA,116
641,1380,GUACHANAMA,116
642,2140,LAURO GUERRERO,116
643,5595,LOURDES,116
644,2630,ORIANGA,116
645,545,SAN ANTONIO,116
646,1000,YAMANA,116
647,1035,12 DE DICIEMBRE,117
648,835,CHAQUINAL,117
649,4545,MILAGROS,117
650,5810,PINDAL /FEDERICO PAEZ,117
651,5005,ALAMOR,118
652,565,CIANO,118
653,270,EL ARENAL,118
654,1155,EL LIMO /MARIANA DE JESUS,118
655,2405,MERCADILLO,118
656,4210,VICENTINO,118
657,360,FUNDOCHAMBA,119
658,6260,QUILANGA /LA PAZ,119
659,3345,SAN ANTONIO DE LAS ARADAS,119
660,1165,EL PARAISO DE CELEN,120
661,1190,EL TABLON,120
662,2280,LLUZHAPA,120
663,2360,MANU,120
664,3340,SAN ANTONIO DE CUMBE,120
665,3600,SAN PABLO DE TENTA,120
666,3665,SAN SEBASTIAN DE YULUC,120
667,6075,SARAGURO,120
668,3815,SELVA ALEGRE,120
669,310,SUMAYPAMBA,120
670,4145,URDANETA/PAQUISHAPA,120
671,2575,NUEVA FATIMA,121
672,6120,SOZORANGA,121
673,3935,TACAMOROS,121
674,2000,BOLASPAMBA,122
675,4605,CAZADEROS,122
676,290,GARZAREAL,122
677,280,LIMONES,122
678,550,MANGAHURCO,122
679,2710,PALETILLAS,122
680,6320,ZAPOTILLO,122
681,5085,BABA,123
682,1460,GUARE,123
683,1740,ISLA DE BEJUCAL,123
684,6830,BARREIRO /SANTA RITA,124
685,520,CARACOL,124
686,5215,CLEMENTE BAQUERIZO,124
687,5285,DR. CAMILO PONCE E.,124
688,6835,EL SALTO,124
689,1265,FEBRES CORDERO,124
690,1525,LA UNION,124
691,2875,PIMOCHA,124
692,150,PATRICIA PILAR,125
693,6465,SN JACINTO DE BUENA FE,125
694,6695,MOCACHE,126
695,4615,LA ESMERALDA,127
696,5640,MONTALVO /SABANETA,127
697,6330,PALENQUE,128
698,5800,PUEBLO VIEJO,129
699,3015,PUERTO PECHICHE,129
700,3510,SAN JUAN,129
701,6690,24 DE MAYO,130
702,6650,GUAYACAN,130
703,4420,LA ESPERANZA,130
704,6645,NICOLAS INFANTE DIAZ,130
705,5855,QUEVEDO,130
706,6115,SAN CAMILO,130
707,4425,SAN CARLOS,130
708,6635,SAN CRISTOBAL,130
709,6655,SIETE DE OCTUBRE,130
710,6640,VENUS DEL RIO QUEVEDO,130
711,6660,VIVA ALFARO,130
712,6915,QUINSALOMA,131
713,5185,CATARAMA,132
714,3175,RICAURTE,132
715,6685,VALENCIA,133
716,7480,10 NOVIEMBRE,134
717,4590,CHACARITA,134
718,4585,LOS ANGELES,134
719,6235,VENTANAS,134
720,4330,ZAPOTAL,134
721,140,ANTONIO SOTOMAYOR,135
722,6245,VINCES,135
723,5150,CALCETA,136
724,240,MEMBRILLO,136
725,3110,QUIROGA,136
726,380,BOYACA,137
727,495,CANUTO,137
728,405,CHIBUNGA,137
729,5250,CHONE,137
730,640,CONVENTO,137
731,1160,ELOY ALFARO,137
732,3170,RICAURTE,137
733,3350,SAN ANTONIO / DEL PELUDO,137
734,6055,SANTA RITA,137
735,6195,4 DE DICIEMBRE,138
736,5300,EL CARMEN,138
737,3635,EL PARAISO / LA 14,138
738,1980,SAN PEDRO DE SUMA,138
739,3632,SANTA MARIA,138
740,1070,WILFRIDO LOOR MOREIRA,138
741,5480,FLAVIO ALFARO,139
742,1600,NOVILLO,139
743,1620,ZAPALLO,139
744,6750,JAMA,140
745,5505,JUNIN,141
746,1030,10 DE AGOSTO,142
747,785,ATAHUALPA,142
748,580,COJIMIES,142
749,6430,PEDERNALES,142
750,1065,BARRAGANETE,143
751,6550,PICHINCHA /GERMUD,143
752,1060,SAN SEBASTIAN,143
753,5885,ROCAFUERTE,144
754,470,CANOA,145
755,6785,SAN VICENTE,145
756,5095,BAHIA DE CARAQUEZ,146
757,840,CHARAPOTO,146
758,5580,LEONIDAS PLAZA G.,146
759,3445,SAN ISIDRO,146
760,2030,ANGEL PEDRO GILER,147
761,265,BACHILLERO,147
762,6170,TOSAGUA,147
763,1570,ARQ.SIXTO DURAN BALLEN,148
764,330,BELLAVISTA,148
765,2555,NOBOA,148
766,6105,SUCRE,148
767,6755,JARAMIJO,149
768,105,AMERICA /LA CERA,150
769,7465,DR. MIGUEL MORAN LUCIO,150
770,1115,EL ANEGADO,150
771,5485,JIPIJAPA,150
772,1880,JULCUY,150
773,560,LA UNION,150
774,7470,MANUEL INOCENCIO PARRALES,150
775,4490,MEMBRILLAL,150
776,2810,PEDRO PABLO GOMEZ,150
777,2990,PUERTO CAYO,150
778,7475,SAN LORENZO DE JIPIJAPA,150
779,6745,ELOY ALFARO,151
780,5570,LOS ESTEROS,151
781,5635,MANTA,151
782,3550,SAN LORENZO,151
783,6135,SAN MATEO,151
784,1800,SANTA MARIANITA,151
785,6155,TARQUI,151
786,7460,ANIBAL SAN ANDRES,152
787,7490,COLORADO,152
788,7500,GENERAL ELOY ALFARO DELGA,152
789,1545,LA PILA,152
790,7495,LEONIDAS PROAÑO,152
791,5665,MONTECRISTI,152
792,6495,OLMEDO /PUCA,153
793,460,CAMPOZANO,154
794,540,CASCOL,154
795,1395,GUALE/STO.DOMINGO,154
796,2090,LASCANO,154
797,5755,PAJAN,154
798,5280,12 DE MARZO,155
799,6770,18 DE OCTUBRE,155
800,10,ABDON CALDERON,155
801,50,ALHAJUELA /BAJO GRANDE,155
802,5030,ANDRES DE VERA,155
803,1925,CHIRIJOS,155
804,5265,COLON,155
805,770,CRUCITA,155
806,6775,FRANCISCO PACHECO,155
807,5845,PICOAZA,155
808,5795,PORTOVIEJO,155
809,2970,PUEBLO NUEVO,155
810,3185,RIO CHICO,155
811,6585,SAN PABLO,155
812,3625,SAN PLACIDO,155
813,6910,SIMON BOLIVAR,155
814,2305,MACHALILLA,156
815,6575,PUERTO LOPEZ,156
816,1920,SALANGO,156
817,220,AYACUCHO,157
818,1610,HONORATO VASQUEZ,157
819,2135,LA UNION,157
820,6725,LODANA,157
821,1105,SAN PABLO,157
822,6030,SANTA ANA,157
823,90,AMAZONAS,158
824,340,BERMEJOS,158
825,350,BOMBOIZA,158
826,880,CHIGUINDA,158
827,1910,EL IDEAL,158
828,5425,GUALAQUIZA,158
829,5655,MERCEDES MOLINA,158
830,2565,NUEVA TARQUI,158
831,3225,ROSARIO,158
832,3580,SAN MIGUEL DE CUYES,158
833,875,CHIGUAZA,159
834,6390,HUAMBOYA,159
835,5390,GRAL. LEONIDAS PLAZA,160
836,1720,INDANZA,160
837,3320,SAN ANTONIO,160
838,3250,SAN MIGUEL DE CONCHAY,160
839,3760,SANTA SUSANA DE CHIVIAZA,160
840,4305,YUNGANZA /EL ROSARIO,160
841,6735,LOGROÑO,161
842,525,SHIMPIS,161
843,4300,YAUPI,161
844,65,ALSHI /9 DE OCTUBRE,162
845,1250,CUCHAENTZA,162
846,1345,GRAL. PROAÑO,162
847,5615,MACAS,162
848,1730,RIO BLANCO,162
849,3440,SAN ISIDRO,162
850,3830,SEVILLA DON BOSCO,162
851,4485,SINAI,162
852,4360,ZUNAC,162
853,6870,PABLO SEXTO,163
854,1685,16 DE AGOSTO,164
855,155,ARAPICOS,164
856,715,CUMANDA,164
857,5760,PALORA,164
858,3420,SANGAY,164
859,2750,PAN DE AZUCAR,165
860,3920,SAN CARLOS DE LIMON,165
861,710,SAN JACINTO DE WAKAMBEIS,165
862,6445,SAN JUAN BOSCO,165
863,1785,SANTIAGO DE PANANZA,165
864,970,CHUPIANZA,166
865,645,COPAL,166
866,5645,MENDEZ,166
867,2795,PATUCA,166
868,1365,SAN FCO. DE CHINIMBIMI,166
869,3565,SAN LUIS DEL ACHO,166
870,4115,TAYUZA,166
871,180,ASUNCION,167
872,1635,HUAMBI,167
873,1140,SANTA MARIANITA DE JESUS,167
874,6110,SUCUA,167
875,595,HUASAGA /WAMPUIK,168
876,2285,MACUMA,168
877,4575,PUMPUENTSA,168
878,6700,TAISHA,168
879,1205,TUTINENTZA,168
880,1295,SAN JOSE DE MORONA,169
881,6890,SANTIAGO,169
882,5070,ARCHIDONA,170
883,685,COTUNDO,170
884,4630,HATUN SUMAKU,170
885,3605,SAN PABLO DE USHPAYACU,170
886,6760,CARLOS J. AROSEMENA TOLA,171
887,5510,EL CHACO,172
888,1020,GONZALO DIAZ DE PINEDA,172
889,2180,LINARES,172
890,2640,OYACACHI,172
891,3745,SANTA ROSA DE QUIJOS,172
892,3790,SARDINAS,172
893,5090,BAEZA,173
894,670,COSANGA,173
895,765,CUYUJA,173
896,2770,PAPALLACTA,173
897,3395,SAN FRANCISCO DE BORJA,173
898,3890,SUMACO,173
899,25,AHUANO,174
900,940,CHONTAPUNTA,174
901,2755,PANO,174
902,3000,PUERTO MISAHUALLI,174
903,3050,PUERTO NAPO,174
904,4580,SAN JUAN DE MUYUNA,174
905,1930,TALAG,174
906,6160,TENA,174
907,6705,ARAJUNO,175
908,735,CURARAY,175
909,2310,MADRE TIERRA,176
910,5650,MERA,176
911,3840,SHELL,176
912,1025,10 DE AGOSTO,177
913,475,CANELOS,177
914,1275,EL TRIUNFO,177
915,1260,FATIMA,177
916,2450,MONTALVO/ANDOAS,177
917,3055,POMONA,177
918,5825,PUYO,177
919,3180,RIO CORRIENTES,177
920,3195,RIO TIGRE,177
921,4510,SIMON BOLIVAR,177
922,3985,TARQUI,177
923,4005,TNTE. HUGO ORTIZ,177
924,4205,VERACRUZ,177
925,3785,ZARAYACU,177
926,2100,SAN JOSE,178
927,6395,SANTA CLARA,178
1159,2175,LIMONCOCHA,215
1160,2765,PANACOCHA,215
1161,600,SAN PEDRO DE LOS COFANES,215
1162,3645,SAN ROQUE,215
1163,6140,SHUSHUFINDI CENTRAL,215
1164,780,SIETE DE JULIO,215
1165,1170,EL PLAYON DE SN. FRANCISCO,216
1166,5525,LA BONITA,216
1167,2095,LA SOFIA,216
1168,3220,ROSA FLORIDA,216
1169,3690,SANTA BARBARA,216
1170,510,CAP. AUGUSTO RIVADENEIRA,217
1171,630,CONONACO,217
1172,5700,NUEVO ROCAFUERTE,217
1173,3720,STA. MARIA DE HUIRIRIMA,217
1174,7485,TIPUTINI,217
1175,4295,YASUNI,217
1176,1995,ALEJANDRO LABAKA,218
1177,1235,DAYUMA,218
1178,5815,EL COCA,218
1179,1560,EL DORADO,218
1180,1590,EL EDEN,218
1181,1810,GARCIA MORENO,218
1182,1565,INES ARANGO,218
1183,1820,LA BELLEZA,218
1184,1940,NUEVO PARAISO,218
1185,1945,SAN JOSE DE GUAYUSA,218
1186,1935,SAN LUIS DE ARMENIA,218
1187,1245,TARACOA,218
1297,9056,C. E. EN SANTO DOMINGO,262
1298,9077,C. E. EN PRETORIA,263
1299,9061,C. E. EN MONTEVIDEO,264
1300,9062,C. E. EN CARACAS,265
928,7130,BELISARIO QUEVEDO,179
929,7135,CARCELEN,179
930,7145,COCHAPAMBA,179
931,7150,COMITE DEL PUEBLO,179
932,5220,COTOCOLLAO,179
933,7160,EL CONDADO,179
934,7170,IÑAQUITO,179
935,7175,ITCHIMBIA,179
936,7180,JIPIJAPA,179
937,7185,KENNEDY,179
938,7195,LA CONCEPCION,179
939,7215,MARISCAL SUCRE,179
940,7220,PONCEANO,179
941,7235,RUMIPAMBA,179
942,7245,SAN ISIDRO DEL INCA,179
943,7250,SAN JUAN,179
944,7140,CENTRO HISTORICO,180
945,7155,CHILIBULO,180
946,5260,CHILLOGALLO,180
947,5015,CHIMBACALLE,180
948,7165,GUAMANI,180
949,7190,LA ARGELIA,180
950,7200,LA ECUATORIANA,180
951,7205,LA FERROVIARIA,180
952,5535,LA LIBERTAD,180
953,5540,LA MAGDALENA,180
954,7210,LA MENA,180
955,7225,PUENGASI,180
956,7230,QUITUMBE,180
957,7240,SAN BARTOLO,180
958,7255,SOLANDA,180
959,7260,TURUBAMBA,180
960,30,ALANGASI,181
961,80,AMAGUAÑA,181
962,195,ATAHUALPA /HABASPAMBA,181
963,430,CALACALI,181
964,440,CALDERON,181
965,855,CHAVEZPAMBA,181
966,865,CHECA,181
967,625,CONOCOTO,181
968,725,CUMBAYA,181
969,1400,GUALEA,181
970,1440,GUANGOPOLO,181
971,1475,GUAYLLABAMBA,181
972,2055,LA MERCED,181
973,2265,LLANO CHICO,181
974,2275,LLOA,181
975,2525,NANEGAL,181
976,2530,NANEGALITO,181
977,2540,NAYON,181
978,2560,NONO,181
979,2690,PACTO,181
980,2825,PERUCHO,181
981,2855,PIFO,181
982,2895,PINTAG,181
983,2925,POMASQUI,181
984,2980,PUELLARO,181
985,2985,PUEMBO,181
986,3100,QUINCHE,181
987,3325,SAN ANTONIO,181
988,3475,SAN JOSE DE MINAS,181
989,3925,TABABELA,181
990,4085,TUMBACO,181
991,4290,YARUQUI,181
992,4325,ZAMBIZA,181
993,165,ASCAZUBI,182
994,480,CANGAHUA,182
995,5190,CAYAMBE,182
996,5495,JUAN MONTALVO,182
997,2600,OLMEDO/PESILLO,182
998,2635,OTON,182
999,4620,SAN JOSE DE AYORA,182
1000,3735,STA.ROSA DE CUSUBAMBA,182
1001,55,ALOAG,183
1002,60,ALOASI,183
1003,850,CHAUPI,183
1004,650,CORNEJO ASTORGA /TANDAPI,183
1005,755,CUTUGLAGUA,183
1006,5620,MACHACHI,183
1007,3960,TAMBILLO,183
1008,4155,UYUMBICHO,183
1009,2025,LA ESPERANZA,184
1010,2330,MALCHINGUI,184
1011,6145,TABACUNDO,184
1012,4045,TOCACHI,184
1013,4090,TUPIGACHI,184
1014,6415,PEDRO VICENTE MALDONADO,185
1015,6125,PUERTO QUITO,186
1016,680,COTOGCHOA,187
1017,7535,FAJARDO,187
1018,3230,RUMIPAMBA,187
1019,6605,SAN PEDRO DE TABOADA,187
1020,6600,SAN RAFAEL,187
1021,5965,SANGOLQUI,187
1022,2410,MINDO,188
1023,6350,S. MIGUEL DE LOS BANCOS,188
1024,95,AMBATILLO,189
1025,190,ATAHUALPA /CHIPZALATA,189
1026,5045,ATOCHA FICOA,189
1027,210,AUGUSTO N MARTINEZ,189
1028,5230,CELIANO MONGE,189
1029,635,CONSTANTINO FERNANDEZ,189
1030,800,CUNCHIBAMBA,189
1031,5455,HUACHI CHICO,189
1032,1625,HUACHI GRANDE,189
1033,5445,HUACHI LORETO,189
1034,1745,IZAMBA,189
1035,1860,JUAN BENIGNO VELA,189
1036,5545,LA MATRIZ,189
1037,5560,LA MERCED,189
1038,5605,LA PENINSULA,189
1039,2435,MONTALVO,189
1040,2775,PASA,189
1041,2830,PICAYHUA,189
1042,2860,PILAHUIN,189
1043,5840,PISHILATA,189
1044,3120,QUISAPINCHA,189
1045,3355,SAN BARTOLOME,189
1046,3380,SAN FERNANDO,189
1047,5945,SAN FRANCISCO,189
1048,3730,SANTA ROSA,189
1049,4065,TOTORAS,189
1050,810,UNAMUNCHO,189
1051,5105,BAÑOS,190
1052,2270,LLIGUA,190
1053,3190,RIO NEGRO,190
1054,3200,RIO VERDE,190
1055,4135,ULBA,190
1056,6555,CEVALLOS,191
1057,6560,MOCHA,192
1058,4555,PINGUILI,192
1059,4110,EL TRIUNFO,193
1060,2210,LOS ANDES,193
1061,5830,PATATE,193
1062,3885,SUCRE,193
1063,335,BENITEZ /PACHANLICA,194
1064,365,BOLIVAR,194
1065,900,CHIQUICHA,194
1066,675,COTALO,194
1067,1185,EL ROSARIO /RUMICHACA,194
1068,1320,GARCIA MORENO,194
1069,1630,HUAMBALO,194
1070,5780,PELILEO,194
1071,5900,PELILEO GRANDE /R. MINO,194
1072,3905,SALASACA,194
1073,295,BAQUERIZO MORENO,195
1074,5225,CIUDAD NUEVA,195
1075,1210,EMILIO MARIA TERAN,195
1076,2375,MARCOS ESPINEL,195
1077,5785,PILLARO,195
1078,2945,PRESIDENTE URBINA,195
1079,3300,SAN ANDRES,195
1080,3485,SAN JOSE DE POALO,195
1081,3585,SAN MIGUELITO,195
1082,5835,QUERO,196
1083,4550,RUMIPAMBA,196
1084,4310,YANAYACU MOCHAPATA,196
1085,1375,QUINCHICOTO,197
1086,5515,TISALEO,197
1087,4600,PANGUINTZA,198
1088,4385,TRIUNFO DORADO,198
1089,6625,ZUMBI,198
1090,915,CHITO,199
1091,1145,EL CHORRO,199
1092,2015,LA CHONTA,199
1093,2955,PUCAPAMBA,199
1094,2110,SAN ANDRES,199
1095,6315,ZUMBA,199
1096,665,EL GUISMI,200
1097,6355,EL PANGUI,200
1098,1015,PACHICUTZA,200
1099,945,TUNDAYME,200
1100,5520,GUAYZIMI,201
1101,4655,NANKAIS,201
1102,4570,NUEVO PARAISO,201
1103,1675,ZURMI,201
1104,1240,EL PORVENIR DEL CARMEN,202
1105,2170,LA CANELA,202
1106,6740,PALANDA,202
1107,4505,SAN FRANCISCO DEL VERGEL,202
1108,4195,VALLADOLID,202
1109,455,BELLAVISTA,203
1110,1120,NUEVO QUITO,203
1111,6885,PAQUISHA,203
1112,6215,28 DE MAYO,204
1113,2070,LA PAZ,204
1114,4105,TUTUPALI,204
1115,985,CHICANA,205
1116,2240,LOS ENCUENTROS,205
1117,6295,YANZATZA,205
1118,720,CUMBARATZA,206
1119,6840,EL LIMON,206
1120,1390,GUADALUPE,206
1121,2155,LA VICTORIA DE IMBANA,206
1122,3260,SABANILLA,206
1123,1770,SAN CARLOS DE LAS MINAS,206
1124,4010,TIMBARA,206
1125,6305,ZAMORA,206
1126,6515,PUERTO VILLAMIL,207
1127,4165,TOMAS DE BERLANGA,207
1128,1220,EL PROGRESO,208
1129,4415,ISLA SANTA MARIA,208
1130,6510,PTO. BAQUERIZO MORENO,208
1131,235,BELLA VISTA,209
1132,6505,PUERTO AYORA,209
1133,1985,SANTA ROSA,209
1134,6325,EL DORADO DE CASCALES,210
1135,4740,NUEVA TRONCAL,210
1136,3750,SANTA ROSA DE SUCUMBIOS,210
1137,1095,SEVILLA,210
1138,1555,AGUAS NEGRAS,211
1139,760,CUYABENO,211
1140,6765,TARAPOA,211
1141,230,EL REVENTADOR,212
1142,1090,GONZALO PIZARRO,212
1143,6300,LUMBAQUI,212
1144,3615,PUERTO LIBRE,212
1145,4625,10 DE AGOSTO,213
1146,1045,DURENO,213
1147,1285,EL ENO,213
1148,1330,GENERAL FARFAN,213
1149,1795,JAMBELI,213
1150,5710,NUEVA LOJA,213
1151,1290,PACAYACU,213
1152,1790,SANTA CECILIA,213
1153,6500,EL CARMEN DE PUTUMAYO,214
1154,2720,PALMA ROJA,214
1155,3005,PUERTO BOLIVAR,214
1156,3020,PUERTO RODRIGUEZ,214
1157,4745,SANSAHUARI,214
1158,3705,SANTA ELENA,214
1188,490,ENOKANQUI,219
1189,6200,LA JOYA DE LOS SACHAS,219
1190,1960,LAGO SAN PEDRO,219
1191,2930,POMPEYA,219
1192,1950,RUMIPAMBA,219
1193,415,SAN CARLOS,219
1194,3660,SAN SEBASTIAN DE COCA,219
1195,1955,TRES DE NOVIEMBRE,219
1196,1965,UNION MILAGREÑA,219
1197,215,AVILA,220
1198,6455,LORETO,220
1199,1050,PUERTO MURIALDO,220
1200,1680,SAN JOSE DE DAHUANO,220
1201,3480,SAN JOSE DE PAYAMINO,220
1202,400,SAN VICENTE DE HUATICOCHA,220
1203,7520,LA CONCORDIA,221
1204,4640,LA VILLEGAS,221
1205,4635,MONTERREY,221
1206,4645,PLAN PILOTO,221
1207,5730,ABRAHAM CALAZACON,222
1208,75,ALLURIQUIN,222
1209,5860,BOMBOLI,222
1210,6175,CHIGUILPE,222
1211,1990,EL ESFUERZO,222
1212,1755,LUZ DE AMERICA,222
1213,4440,PUERTO LIMON,222
1214,5870,RIO TOACHI,222
1215,5865,RIO VERDE,222
1216,1970,SAN JACINTO DEL BUA,222
1217,2045,SANTA MARIA DEL TOACHI,222
1218,6065,SANTO DOMINGO,222
1219,305,VALLE HERMOSO,222
1220,6180,ZARACAY,222
1221,6610,LA LIBERTAD,223
1222,115,ANCONCITO,224
1223,6280,CARLOS ESPINOZA LARREA,224
1224,6270,GRAL. A. E. GALLO,224
1225,1850,JOSE LUIS TAMAYO / MUEY,224
1226,5920,SALINAS,224
1227,6925,SANTA ROSA,224
1228,6275,VICENTE ROCAFUERTE,224
1229,205,ATAHUALPA,225
1230,5130,BALLENITA,225
1231,820,CHANDUY,225
1232,605,COLONCHE,225
1233,2355,MANGLARALTO,225
1234,1300,SAN JOSE DE ANCON,225
1235,6040,SANTA ELENA,225
1236,3915,SIMON BOLIVAR,225
1237,9001,C. E. EN BERLIN,226
1238,9005,C. E. EN CAMBERRA,227
1239,9006,C. E. EN VIENA,228
1240,9007,C. E. EN BRUSELAS,229
1241,9020,C. E. EN BEIJING,230
1242,9075,C. E. EN GUANZHOU,230
1243,9068,C. E. EN SHANGAI,230
1244,9016,C. E. EN SEUL,231
1245,9023,C. E. EN BARCELONA,232
1246,9024,C. E. EN MADRID,232
1247,9066,C. E. EN MALAGA,232
1248,9026,C. E. EN MURCIA,232
1249,9021,C. E. EN PALMA DE MALLORCA,232
1250,9025,C. E. EN VALENCIA,232
1251,9060,C. E. EN MOSCU,233
1252,9036,C. E. EN PARIS,234
1253,9040,C. E. EN BUDAPEST,235
1254,9063,C. E. EN YAKARTA,236
1255,9042,C. E. EN TEL AVIV,237
1256,9044,C. E. EN GENOVA,238
1257,9043,C. E. EN MILAN,238
1258,9045,C. E. EN ROMA,238
1259,9046,C. E. EN TOKIO,239
1260,9049,C. E. EN LA HAYA,240
1261,9037,C. E. EN LONDRES,241
1262,9057,C. E. EN ESTOCOLMO,242
1263,9058,C. E. EN BERNA,243
1264,9078,C. E. EN ANKARA,244
1265,9012,C. E. EN OTTAWA,245
1266,9011,C. E. EN TORONTO,245
1267,9071,C. E. EN ATLANTA,246
1268,9027,C. E. EN CHICAGO,246
1269,9033,C. E. EN CONNECTICUT,246
1270,9034,C. E. EN HOUSTON,246
1271,9032,C. E. EN LOS ANGELES,246
1272,9028,C. E. EN MIAMI,246
1273,9069,C. E. EN MINNEAPOLIS,246
1274,9035,C. E. EN NEW JERSEY,246
1275,9029,C. E. EN NUEVA YORK,246
1276,9073,C. E. EN PHOENIX,246
1277,9031,C. E. EN WASHINGTON,246
1278,9003,C. E. EN BUENOS AIRES,247
1279,9008,C. E. EN LA PAZ,248
1280,9009,C. E. EN BRASILIA,249
1281,9067,C. E. EN SAO PAULO,249
1282,9019,C. E. EN SANTIAGO,250
1283,9013,C. E. EN BOGOTA,251
1284,9015,C. E. EN IPIALES,251
1285,9017,C. E. EN SAN JOSE,252
1286,9018,C. E. EN LA HABANA,253
1287,9055,C. E. EN EL CAIRO,254
1288,9022,C. E. EN SAN SALVADOR,255
1289,9038,C. E. EN GUATEMALA,256
1290,9039,C. E. EN TEGUCIGALPA,257
1291,9047,C. E. EN MEXICO,258
1292,9086,C. E. EN MONTERREY,258
1293,9050,C. E. EN PANAMA,259
1294,9051,C. E. EN ASUNCION,260
1295,9052,C. E. EN LIMA,261
1296,9054,C. E. EN TUMBES,261