id,codigo,nombre,parroquiaId
1,5,BELLA RICA,1
2,1,CAMILO PONCE ENRIQUEZ,1
3,3,SAN ALFONSO,1
4,6,SAN GERARDO,1
5,4,SANTA MARTHA,1
6,2,ZHUMIRAL,1
7,0,SIN ZONA,2
8,0,SIN ZONA,3
9,0,SIN ZONA,4
10,0,SIN ZONA,5
11,0,SIN ZONA,6
12,0,SIN ZONA,7
13,1,BAÃ‘OS,8
14,2,COCHAPAMBA,8
15,0,SIN ZONA,9
16,0,SIN ZONA,10
17,4,CASCAJO,11
18,3,CEDRO,11
19,1,CHAUCHA /ANGAS,11
20,2,SAN ANTONIO,11
21,0,SIN ZONA,12
22,0,SIN ZONA,13
23,0,SIN ZONA,14
24,61,CAI MASCULINO - CUENCA,15
25,0,SIN ZONA,15
26,1,EL VECINO,16
27,3,LA CATÃ“LICA,16
28,2,MIRAFLORES,16
29,89,VOTO EN CASA,16
30,3,EL PROGRESO,17
31,1,HERMANO MIGUEL,17
32,2,UNCOVIA,17
33,0,SIN ZONA,18
34,0,SIN ZONA,19
35,2,CAPULISPAMBA,20
36,3,CHALLUABAMBA MACHANGARA,20
37,1,MACHÃNGARA,20
38,4,OCHOA LEON,20
39,8,ABDON CALDERÃ“N,21
40,6,AGUAS CALIENTES,21
41,10,CAYMATAN,21
42,7,ESTERO PIEDRA,21
43,9,FLOR Y SELVA,21
44,2,JESUS DEL GRAN PODER,21
45,1,MOLLETURO,21
46,4,SAN JOSE DE RECREO,21
47,5,TAMARINDO,21
48,3,ZHAGAL,21
49,0,SIN ZONA,22
50,2,CHALLUABAMBA NULTI,23
51,1,MULTI /  NULTI,23
52,0,SIN ZONA,24
53,0,SIN ZONA,25
54,2,MONJAS,26
55,3,PIRICOCHA,26
56,1,QUINGEO,26
57,0,SIN ZONA,27
58,2,LA DOLOROSA,28
59,1,RICAURTE,28
60,0,SIN ZONA,29
61,0,SIN ZONA,30
62,2,BARABON,31
63,1,SAN JOAQUIN,31
64,0,SIN ZONA,32
65,0,SIN ZONA,33
66,3,BELLAVISTA,34
67,2,SAN MIGUEL,34
68,1,SAYAUSI,34
69,3,ALTOS DE MACHANGARA,35
70,2,BIBIN,35
71,1,SIDCAY,35
72,2,CRUCE DEL CARMEN,36
73,3,SAN JOSE DE BALZAY,36
74,1,SININCAY,36
75,0,SIN ZONA,37
76,3,GULLANZHAPA,38
77,1,TARQUI,38
78,2,TUTUPALI BAJO,38
79,0,SIN ZONA,39
80,89,VOTO EN CASA,39
81,61,CPL AZUAY N. 1,40
82,0,SIN ZONA,40
83,2,CHILCAPAMBA,41
84,3,GUALALCAY,41
85,1,VALLE,41
86,0,SIN ZONA,42
87,2,MISICATA,43
88,1,YANUNCAY,43
89,0,SIN ZONA,44
90,2,LA MERCED,45
91,1,SAN VICENTE,45
92,3,SANTA TERESITA,45
93,1,LA ASUNCION,46
94,2,LENTAG,46
95,0,SIN ZONA,47
96,0,SIN ZONA,48
97,1,GUACHAPALA,49
98,2,SACRE,49
99,0,SIN ZONA,50
100,2,BULLCAY,51
101,1,GUALACEO,51
102,3,EL CARMEN,52
103,1,JADAN,52
104,2,SANTA ROSA DE CHICHIN,52
105,0,SIN ZONA,53
106,2,CERTAG,54
107,1,MARIANO MORENO/CALLASAY,54
108,0,SIN ZONA,55
109,0,SIN ZONA,56
110,0,SIN ZONA,57
111,2,SAN JOSE DE LALCOTE,58
112,1,ZHIDMAD,58
113,2,Ã‘AMARIN,59
114,1,COCHAPATA,59
115,0,SIN ZONA,60
116,4,CHUNASANA,61
117,1,NABON,61
118,3,RAÃ‘AS,61
119,2,ZHIÃ‘A,61
120,2,LA PAZ,62
121,1,LAS NIEVES,62
122,2,MORAS LOMA,63
123,1,OÃ‘A,63
124,0,SIN ZONA,64
125,0,SIN ZONA,65
126,1,CHICAN /G. ORTEGA,66
127,2,UZHUPUD,66
128,1,DUG - DUG,67
129,2,LAZUL,67
130,0,SIN ZONA,68
131,1,GUARAINAC,69
132,2,JUNTAS,69
133,1,PAUTE,70
134,2,VILLAFLOR,70
135,89,VOTO EN CASA,70
136,3,ZHUMIR,70
137,2,GUACHUN,71
138,1,SAN CRISTOBAL,71
139,0,SIN ZONA,72
140,7,CALIGUIÃ‘A,73
141,4,CERRO NEGRO,73
142,3,GRAMALOTE,73
143,8,LA DOLOROSA,73
144,9,LAS PALMAS,73
145,5,PELINCAY,73
146,1,PUCARA,73
147,11,SAN ANTONIO DE Ã‘UGRO,73
148,10,SANTA CECILIA,73
149,2,SARAYUNGA,73
150,2,GUARUMAL,74
151,1,SAN RAFAEL DE SHARUG,74
152,0,SIN ZONA,75
153,0,SIN ZONA,76
154,0,SIN ZONA,77
155,0,SIN ZONA,78
156,3,JUBONES,79
157,1,SANTA ISABEL,79
158,89,VOTO EN CASA,79
159,2,HUERTAS,80
160,3,PUCULCAY,80
161,1,SHAGLLI,80
162,1,AMALUZA,81
163,2,SANTA RITA,81
164,2,JURUPILLOS,82
165,1,PALMAS,82
166,3,SANTA ROSA,82
167,2,CAIGUAS,83
168,3,CHIMUL,83
169,1,SEVILLA DE ORO,83
170,0,SIN ZONA,84
171,0,SIN ZONA,85
172,0,SIN ZONA,86
173,2,BUENA VISTA,87
174,3,HATOBOLO,87
175,1,LUDO,87
176,2,LA LIBERTAD,88
177,1,SAN BARTOLOMÃ‰,88
178,3,SIGSIGLLANO,88
179,2,LA ESMERALDA,89
180,1,SAN JOSE DE RARANGA,89
181,2,PIRUNCAY,90
182,1,SIGSIG,90
183,1,CALUMA /SAN ANTONIO,91
184,2,PASAGUA,91
185,4,SAN PABLO DE PITA,91
186,3,YATUVI,91
187,2,ACHIN,92
188,6,ARRAYANPAMBA,92
189,1,CHILLANES,92
190,3,PALMIRA,92
191,5,SAN JOSÃ‰ DE GUAYABAL,92
192,4,SAN VICENTE DE POROTOPAMBA,92
193,7,SANTA ROSA DE CERRITOS,92
194,8,UNDUSHI,92
195,3,ANGELICA,93
196,5,JUNTA NUEVA,93
197,1,SAN JOSE DE TAMBO,93
198,2,STA ROSA DE AGUA CLARA,93
199,4,VALPARAISO,93
200,0,SIN ZONA,94
201,0,SIN ZONA,95
202,0,SIN ZONA,96
203,0,SIN ZONA,97
204,3,TABLAS LA FLORIDA,98
205,1,TELIMBELA,98
206,2,UNION DE TIANDIAGOTE,98
207,1,ECHEANDIA,99
208,2,SABANETILLAS,99
209,1,ANGEL POLIVIO CHAVEZ,100
210,2,GUACHANA,100
211,3,SAN JUAN DE LLULLUNDONGO,100
212,89,VOTO EN CASA,100
213,3,EL PORVENIR,101
214,1,FACUNDO VELA,101
215,61,CPL BOLIVAR N.  1,102
216,1,GABRIEL I VEINTIMILLA,102
217,2,INTI CHURI - CASAICHE,102
218,89,VOTO EN CASA,102
219,4,CUATRO ESQUINAS,103
220,1,GUANUJO,103
221,6,PACHAKUTIK,103
222,89,VOTO EN CASA,103
223,1,JULIO MORENO,104
224,2,RODEOPAMBA,104
225,3,CHAZOJUAN,105
226,4,GRAMALOTE,105
227,2,LA PALMA,105
228,1,SALINAS,105
229,0,SIN ZONA,106
230,3,JILIMBÃ,107
231,2,SAN FERNANDO,107
232,1,SAN LUIS DE PAMBIL,107
233,2,GRADAS,108
234,1,SAN SIMON,108
235,0,SIN ZONA,109
236,4,INGAPIRCA,110
237,2,MINDINA,110
238,3,SANTA TERESA,110
239,1,SIMIATUG,110
240,5,TALAHUA,110
241,0,SIN ZONA,111
242,2,JERUSALEN,112
243,1,LAS NAVES,112
244,0,SIN ZONA,113
245,1,BILOVAN,114
246,2,LAS GUARDIAS,114
247,3,MATAPALO,114
248,0,SIN ZONA,115
249,2,QUISACOTO,116
250,1,SAN MIGUEL,116
251,2,GUAMALÃN,117
252,1,SAN PABLO DE ATENAS,117
253,0,SIN ZONA,118
254,1,SANTIAGO,119
255,2,TOTORAS,119
256,0,SIN ZONA,120
257,1,AZOGUES,121
258,4,CIUDADELA DEL CHOFER,121
259,61,CPL CAÃ‘AR N.  2,121
260,3,FERROVIARIA,121
261,2,LA PLAYA,121
262,5,UCHUPUCUN,121
263,89,VOTO EN CASA,121
264,0,SIN ZONA,122
265,0,SIN ZONA,123
266,3,AGUILAN,124
267,1,GUAPAN,124
268,2,ZHINDILIG,124
269,2,AYANCAY,125
270,1,JAVIER LOYOLA / CHUQUIPATA,125
271,0,SIN ZONA,126
272,1,PINDILIG,127
273,2,SHAL,127
274,0,SIN ZONA,128
275,0,SIN ZONA,129
276,0,SIN ZONA,130
277,0,SIN ZONA,131
278,0,SIN ZONA,132
279,0,SIN ZONA,133
280,0,SIN ZONA,134
281,0,SIN ZONA,135
282,0,SIN ZONA,136
283,1,CAÃ‘AR,137
284,61,CRS MASCULINO CAÃ‘AR N.  1,137
285,3,NAR,137
286,2,QUILLOAC,137
287,1,CHONTAMARCA,138
288,2,CIMIENTOS,138
289,0,SIN ZONA,139
290,3,CHIL CHIL,140
291,1,DUCUR,140
292,2,JAVIN,140
293,0,SIN ZONA,141
294,3,GER,142
295,1,GUALLETURO,142
296,2,PURUBIN,142
297,4,SHUYA,142
298,0,SIN ZONA,143
299,1,INGAPIRCA,144
300,2,SISID,144
301,2,CHARCAY,145
302,1,JUNCAL,145
303,3,CARGUA,146
304,4,MANTA REAL,146
305,1,SAN ANTONIO,146
306,2,ZHUCAY,146
307,0,SIN ZONA,147
308,0,SIN ZONA,148
309,2,BAYANDEL,149
310,1,DELEG,149
311,3,HORNAPALA,149
312,0,SIN ZONA,150
313,1,EL TAMBO,151
314,2,MARIA AUXILIADORA,151
315,3,PILCOPATA,151
316,3,COCHANCAY,152
317,5,JAIME ROLDOS,152
318,6,JULIO MARIA MATOVELLE,152
319,1,LA TRONCAL,152
320,4,ROBERTO ISAIAS,152
321,2,VOLUNTAD DE DIOS,152
322,1,MANUEL J. CALLE,153
323,2,SAN ISIDRO,153
324,2,LA PUNTILLA,154
325,1,PANCHO NEGRO,154
326,0,SIN ZONA,155
327,2,ALOOR,156
328,1,BOLIVAR,156
329,3,CUESACA,156
330,2,EL TAMBO,157
331,1,GARCIA MORENO,157
332,3,CUNQUER,158
333,1,LOS ANDES,158
334,2,PIQUIUCHO,158
335,3,EL MOTILON,159
336,1,MONTEOLIVO,159
337,2,PUEBLO NUEVO,159
338,2,CALDERA,160
339,1,SAN RAFAEL,160
340,2,PUSIR GRANDE,161
341,1,SAN VICENTE DE PUSIR,161
342,3,TUMBATÃš,161
343,0,SIN ZONA,162
344,1,EL ANGEL,163
345,2,INGUEZA,163
346,2,CORAZON DE MUNDO NUEVO,164
347,1,EL GOALTAL / LAS JUNTAS,164
348,0,SIN ZONA,165
349,0,SIN ZONA,166
350,1,JIJON Y CAAMAÃ‘O,167
351,2,RIO VERDE,167
352,1,JUAN MONTALVO,168
353,2,SANTIAGUILLO,168
354,1,LA CONCEPCION,169
355,4,NARANJITO,169
356,2,PALO BLANCO,169
357,3,SANTA LUCIA,169
358,3,HATO DE MIRA,170
359,2,MASCARILLA,170
360,1,MIRA,170
361,0,SIN ZONA,171
362,0,SIN ZONA,172
363,1,FERNANDEZ SALVADOR,173
364,2,SAN FRANCISCO DE LA LINEA ROJA,173
365,0,SIN ZONA,174
366,0,SIN ZONA,175
367,0,SIN ZONA,176
368,3,CANCHAGUANO,177
369,2,EL CAPULÃ,177
370,1,SAN JOSE,177
371,2,CUASPUD,178
372,1,HUACA,178
373,0,SIN ZONA,179
374,0,SIN ZONA,180
375,1,EL CHICAL,181
376,2,SAN MARCOS,181
377,2,CHAPUEL,182
378,61,CPL CARCHI N.  1,182
379,3,EL BOSQUE,182
380,1,GONZALEZ SUAREZ,182
381,89,VOTO EN CASA,182
382,0,SIN ZONA,183
383,2,CHILMA ALTO,184
384,1,MALDONADO,184
385,0,SIN ZONA,185
386,0,SIN ZONA,186
387,2,EL BABOSO,187
388,1,TOBAR DONOSO,187
389,0,SIN ZONA,188
390,2,LA ESTRELLITA,189
391,3,LAS GRADAS,189
989,0,SIN ZONA,466
392,1,TULCAN,189
393,0,SIN ZONA,190
394,0,SIN ZONA,191
395,2,CHIPE HAMBURGO 1,192
396,3,CHIPE HAMBURGO 2,192
397,1,EL TRIUNFO,192
398,4,ESTERO HONDO,192
399,1,GUASAGANDA,193
400,3,MALQUI,193
401,2,QUINDIGUA,193
402,0,SIN ZONA,194
403,0,SIN ZONA,195
404,0,SIN ZONA,196
405,0,SIN ZONA,197
406,0,SIN ZONA,198
407,0,SIN ZONA,199
408,61,CPL COTOPAXI N.  1,200
409,0,SIN ZONA,200
410,1,IGNACIO FLORES,201
411,2,PALOPO CENTRO,201
412,0,SIN ZONA,202
413,0,SIN ZONA,203
414,0,SIN ZONA,204
415,89,VOTO EN CASA,204
416,0,SIN ZONA,205
417,0,SIN ZONA,206
418,0,SIN ZONA,207
419,2,LA LIBERTAD,208
420,1,SAN JUAN DE PASTOCALLE,208
421,0,SIN ZONA,209
422,0,SIN ZONA,210
423,1,EL CORAZON,211
424,2,QUISHPE,211
425,5,CALABICITO,212
426,4,EL DESEO,212
427,2,GUAPARA,212
428,1,MORASPUNGO,212
429,3,PIEDACITA,212
430,0,SIN ZONA,213
431,2,PILANCÃ“N,214
432,1,RAMON CAMPAÃ‘A,214
433,1,ANGAMARCA,215
434,2,CHINE ALTO,215
435,3,MOCATA,215
436,4,PIGUA-QUINDIGUA,215
437,1,GUANGAJE,216
438,2,YAGUARTOA,216
439,0,SIN ZONA,217
440,2,APAGUA,218
441,1,PILALO,218
442,2,JUIGUA YACYBAMBA,219
443,1,PUJILI,219
444,2,EL PROGRESO,220
445,3,PUEMBO,220
446,1,TINGO,220
447,2,LA COCHA,221
448,3,TIGUA WANAPAMPA,221
449,1,ZUMBAHUA,221
450,0,SIN ZONA,222
451,0,SIN ZONA,223
452,0,SIN ZONA,224
453,0,SIN ZONA,225
454,0,SIN ZONA,226
455,2,CHAMBAPONGO,227
456,4,SALACHE BARBAPAMBA,227
457,3,SAN FRANCISCO DE COLLANAS,227
458,1,SAN MIGUEL DE SALCEDO,227
459,0,SIN ZONA,228
460,0,SIN ZONA,229
461,1,COCHAPAMBA,230
462,2,YANAHURCO GRANDE,230
463,0,SIN ZONA,231
464,1,CHUGCHILAN,232
465,4,GUAYAMA SAN PEDRO QUILOTOA,232
466,7,SAN MIGUEL DE GUARUMAL,232
467,6,SAN MIGUEL DE PILAPUCHIN,232
468,5,SARAWASI,232
469,2,GUANTOALO,233
470,1,ISINLIVI,233
471,0,SIN ZONA,234
472,0,SIN ZONA,235
473,2,SALINAS DE MONTE NUEVO,236
474,1,SIGCHOS,236
475,1,ACHUPALLAS,237
476,3,JUVAL,237
477,2,TOTORAS,237
478,1,ALAUSI,238
479,61,CPL CHIMBORAZO N.  2,238
480,2,NIZAG,238
481,0,SIN ZONA,239
482,0,SIN ZONA,240
483,0,SIN ZONA,241
484,0,SIN ZONA,242
485,0,SIN ZONA,243
486,0,SIN ZONA,244
487,0,SIN ZONA,245
488,2,COCANES,246
489,1,TIXAN,246
490,1,CHAMBO,247
491,3,GUAYLLABAMBA,247
492,2,PANTAÃ‘O,247
493,0,SIN ZONA,248
494,0,SIN ZONA,249
495,0,SIN ZONA,250
496,0,SIN ZONA,251
1198,0,SIN ZONA,582
497,2,JOYAGSHI,252
498,1,LLAGOS,252
499,0,SIN ZONA,253
500,0,SIN ZONA,254
501,1,COLUMBE,255
502,3,LLINLLIN,255
503,2,PULUCATES,255
504,4,SAN GUISEL ALTO,255
505,1,JUAN DE VELASCO,256
506,2,TAMBILLO BAJO,256
507,0,SIN ZONA,257
508,0,SIN ZONA,258
509,1,CUMANDA,259
510,3,SUNCAMAL,259
511,1,CEBADAS,260
512,2,TRANCA SAN LUIS,260
513,1,GUAMOTE,261
514,3,JATUN PAMBA,261
515,4,LAIME SAN CARLOS,261
516,2,PULL CHICO,261
517,5,TIOCAJAS PALACIO HUATANA,261
518,3,GALTES,262
519,1,PALMIRA,262
520,2,TIPIN,262
521,0,SIN ZONA,263
522,0,SIN ZONA,264
523,0,SIN ZONA,265
524,1,LA MATRIZ,266
525,3,LANGOS PANAMERICANA,266
526,2,PUNGAL GRANDE,266
527,0,SIN ZONA,267
528,2,CALSHI,268
529,1,SAN ANDRES,268
530,0,SIN ZONA,269
531,2,CHOCAVI,270
532,1,SAN ISIDRO DE PATULU,270
533,0,SIN ZONA,271
534,0,SIN ZONA,272
535,0,SIN ZONA,273
536,2,LAS ROSAS,274
537,1,PALLATANGA,274
538,3,RODEO VAQUERIA,274
539,0,SIN ZONA,275
540,1,EL ALTAR,276
541,2,UTUÃ‘AG,276
542,0,SIN ZONA,277
543,0,SIN ZONA,278
544,0,SIN ZONA,279
545,0,SIN ZONA,280
546,0,SIN ZONA,281
547,0,SIN ZONA,282
548,1,CALPI,283
549,2,NITILUISA,283
550,0,SIN ZONA,284
551,1,FLORES,285
552,2,GUANTUL GRANDE,285
553,3,NAUBUG,285
554,0,SIN ZONA,286
555,1,LICTO,287
556,2,TUNSHI SAN NICOLAS,287
557,0,SIN ZONA,288
558,89,VOTO EN CASA,288
559,0,SIN ZONA,289
560,2,ALAO,290
561,3,ASHPAPUNGO,290
562,1,PUNGALA,290
563,1,PUNIN,291
564,2,TZALARON,291
565,2,PIÃ‘AÃ‘AU,292
566,3,PUCULPALA,292
567,1,QUIMIAG,292
568,0,SIN ZONA,293
569,2,SAN ANTONIO DE GUASLAN,294
570,1,SAN LUIS,294
571,0,SIN ZONA,295
572,89,VOTO EN CASA,295
573,63,CAI MASCULINO - RIOBAMBA,296
574,61,CPL CHIMBORAZO N.  1,296
575,62,CPL CHIMBORAZO N.  3,296
576,0,SIN ZONA,296
577,0,SIN ZONA,297
578,0,SIN ZONA,298
579,0,SIN ZONA,299
580,0,SIN ZONA,300
581,1,LA CUCA,301
582,2,LOS GUAYACANES,301
583,2,MANABI DE EL ORO,302
584,1,PALMALES,302
585,0,SIN ZONA,303
586,0,SIN ZONA,304
587,0,SIN ZONA,305
588,0,SIN ZONA,306
589,0,SIN ZONA,307
590,0,SIN ZONA,308
591,0,SIN ZONA,309
592,0,SIN ZONA,310
593,5,CARABOTA,311
594,1,CHILLA,311
595,4,DUMARI,311
596,3,PEJEYACU,311
597,2,PLAYAS DE DAUCAY,311
598,0,SIN ZONA,312
599,1,EL GUABO,313
600,3,EL RETIRO,313
601,2,TILLALES,313
602,0,SIN ZONA,314
603,4,PAGUA,315
604,1,RIO BONITO,315
605,2,SAN MIGUEL DE BRAZIL,315
606,3,SAN VICENTE,315
607,2,BAJO ALTO,316
608,1,TENDALES,316
609,0,SIN ZONA,317
610,0,SIN ZONA,318
611,0,SIN ZONA,319
612,0,SIN ZONA,320
613,0,SIN ZONA,321
614,1,EL PARAISO,322
615,2,EL TIGRE 1,322
616,1,LA LIBERTAD,323
617,2,PUYANGO DE LA LIBERTAD,323
618,0,SIN ZONA,324
619,1,PLATANILLOS,325
620,2,VALLE HERMOSO,325
621,0,SIN ZONA,326
622,1,9 DE MAYO,327
623,61,CPL EL ORO N.  1,327
624,5,KM. 15,327
625,89,VOTO EN CASA,327
626,4,CORRALITOS,328
627,1,EL CAMBIO,328
628,3,LA UNION COLOMBIANA,328
629,1,EL RETIRO,329
630,3,GUARUMAL 2,329
631,2,NUEVA ESPERANZA,329
632,2,CIUDADELA 10 DE SEPTIEMBRE,330
633,1,JAMBELI,330
634,0,SIN ZONA,331
635,3,LA IBERIA,332
636,1,LA PROVIDENCIA,332
637,4,LOS VERGELES,332
638,2,RAYITO DE LUZ,332
639,89,VOTO EN CASA,332
640,0,SIN ZONA,333
641,89,VOTO EN CASA,333
642,0,SIN ZONA,334
643,0,SIN ZONA,335
644,0,SIN ZONA,336
645,0,SIN ZONA,337
646,0,SIN ZONA,338
647,0,SIN ZONA,339
648,0,SIN ZONA,340
649,0,SIN ZONA,341
650,0,SIN ZONA,342
651,0,SIN ZONA,343
652,8,DUCOS,344
653,2,GALAYACU,344
654,3,LA CADENA,344
655,6,LA PLAYA,344
656,5,MUYUYACU,344
657,1,PROGRESO,344
658,7,RÃJARO,344
659,4,ROSA DE ORO,344
660,0,SIN ZONA,345
661,0,SIN ZONA,346
662,1,CAPIRO,347
663,5,CONCHICOLA,347
664,2,GUERRAS,347
665,4,LOS AMARILLOS,347
666,3,TINAJAS,347
667,0,SIN ZONA,348
668,0,SIN ZONA,349
669,1,MOROMORO,350
670,2,PALO SOLO,350
671,2,EL CARMEN,351
672,1,PIEDRAS,351
673,0,SIN ZONA,352
674,0,SIN ZONA,353
675,0,SIN ZONA,354
676,2,CAMARONES,355
677,3,LAS ORQUIDEAS,355
678,1,SARACAY,355
679,0,SIN ZONA,356
680,0,SIN ZONA,357
681,0,SIN ZONA,358
682,0,SIN ZONA,359
683,0,SIN ZONA,360
684,1,BELLAMARIA,361
685,2,VALLE HERMOSO,361
686,1,BELLAVISTA,362
687,2,SAN AGUSTIN,362
688,3,SAN JOSÃ‰,362
689,1,JAMBELI,363
690,3,LAS HUACAS,363
691,2,PONGALILLO-LAS CASITAS,363
692,0,SIN ZONA,364
693,0,SIN ZONA,365
694,0,SIN ZONA,366
695,0,SIN ZONA,367
696,2,LAGUNA DE CAÃ‘AS,368
697,1,SAN ANTONIO,368
698,0,SIN ZONA,369
699,2,EL GUAYABO,370
700,1,TORATA,370
701,1,LA VICTORIA,371
702,2,RIO NEGRO,371
703,1,ABANIN,372
704,2,DALIGSHI,372
705,3,TUNUYUNGA,372
706,0,SIN ZONA,373
707,1,GUANAZAN,374
708,2,GUARTIGURO,374
709,0,SIN ZONA,375
710,0,SIN ZONA,376
711,0,SIN ZONA,377
712,0,SIN ZONA,378
713,0,SIN ZONA,379
714,0,SIN ZONA,380
715,61,CPL EL ORO N.  2,381
716,0,SIN ZONA,381
717,1,ATACAMES,382
718,3,CHONE,382
719,2,ESTERO DEL MEDIO,382
720,0,SIN ZONA,383
721,0,SIN ZONA,384
722,2,QUITITO,385
723,3,SAME,385
724,1,TONCHIGUE,385
725,2,TASECHE,386
726,1,TONSUPA,386
727,0,SIN ZONA,387
728,1,ATAHUALPA/CAMARONES,388
729,2,JUAN MONTALVO,388
730,0,SIN ZONA,389
731,0,SIN ZONA,390
732,1,LA TOLA,391
733,2,SAN PEDRO,391
734,0,SIN ZONA,392
735,0,SIN ZONA,393
736,0,SIN ZONA,394
737,1,SAN FRANCISCO DE ONZOLE,395
738,2,ZANCUDO,395
739,4,HERRADURA,396
740,2,PICHIYACU CHACHI,396
741,3,PLAYA GRANDE,396
742,1,SAN JOSE DE CAYAPAS,396
743,0,SIN ZONA,397
744,3,CHACHI CAPULÃ,398
745,4,CHACHI GUALPÃ DE ONZOLE,398
746,2,COLON DE ONZOLE,398
747,5,HOJAS BLANCAS,398
748,6,HOJAS BLANCAS CHACHI,398
749,1,SANTO DOMINGO DE ONZOLE,398
750,2,PALMA REAL,399
751,1,SELVA ALEGRE,399
752,3,CORRIENTE GRANDE,400
753,5,GUALPI DEL CAYAPAS,400
754,4,JEYAMBI,400
755,2,LOMA LINDA,400
756,1,TELEMBI,400
757,0,SIN ZONA,401
758,0,SIN ZONA,402
759,1,5 DE AGOSTO,403
760,2,PROPICIA 1,403
761,3,PROPICIA 4,403
762,89,VOTO EN CASA,403
763,0,SIN ZONA,404
764,0,SIN ZONA,405
765,0,SIN ZONA,406
766,0,SIN ZONA,407
767,61,CPL ESMERALDAS N.  1,408
768,62,CPL ESMERALDAS N.  2,408
769,1,ESMERALDAS,408
770,2,ISLA LUIS VARGAS TORRES,408
771,89,VOTO EN CASA,408
772,0,SIN ZONA,409
773,0,SIN ZONA,410
774,1,SAN MATEO,411
775,2,TIMBRE,411
776,3,CASA BONITA,412
777,4,LA TOLITA,412
778,1,SIMON PLATA TORRES,412
779,2,VALLE DE SAN RAFAEL,412
780,0,SIN ZONA,413
781,0,SIN ZONA,414
782,0,SIN ZONA,415
783,1,BOLIVAR,416
784,2,MOMPICHE,416
785,1,DAULE,417
786,2,PEDRO CARBO,417
787,2,ESTERO DE PLATANO,418
788,1,GALERA,418
789,1,MUISNE,419
790,3,NUEVO MUISNE,419
791,4,SAN PEDRO DE BILSA,419
792,0,SIN ZONA,420
793,0,SIN ZONA,421
794,2,EL SALTO,422
795,1,SAN FRANCISCO,422
796,2,BALSALITO,423
797,3,BOCA DEL SUCIO,423
798,1,SAN GREGORIO,423
799,5,SAN SALVADOR CHACHI,423
800,4,TRES VIAS,423
801,0,SIN ZONA,424
802,0,SIN ZONA,425
803,2,CHUCAPLE,426
804,1,CUBE / CHANCAMA,426
805,4,BOCANA DEL BUA,427
806,11,EL BELEN,427
807,8,EL SILENCIO,427
808,6,LA ESMERALDA,427
809,2,LA INDEPENDENCIA,427
810,1,LA UNION,427
811,10,LA VIRGENCITA,427
812,3,LIBERTAD DE PLAYA,427
813,12,LOS ÃNGELES,427
814,7,MATAMBA,427
815,9,NUEVO AZUAY,427
816,9,5 DE AGOSTO,428
817,3,AGUA CLARA,428
818,15,AGUA CLARA CHACHI,428
819,12,CRISTOBAL COLON,428
820,4,EL RECREO,428
821,13,GUAYACANA,428
822,5,LA T,428
823,14,LAS PAVAS,428
824,1,MALIMPIA /GUAYLLABAMBA,428
825,6,NARANJAL DE LOS CHACHIS,428
826,8,RONCA TIGRILLO,428
827,16,UNION MANABITA,428
828,7,VALLE DEL SADE,428
829,10,VALLE ESMERALDEÃ‘O,428
830,11,ZAPALLO,428
831,8,CUPA,429
832,7,HERRERA,429
833,2,LA SEXTA,429
834,5,LA Y DE LA LAGUNA DE HERRERA,429
835,9,NUEVO QUININDÃ‰,429
836,10,PUEBLO NUEVO,429
837,1,ROSA ZARATE,429
838,4,SAN RAMON,429
839,89,VOTO EN CASA,429
840,0,SIN ZONA,430
841,1,CHONTADURO,431
842,2,PARTIDERO,431
843,2,CAPULÃ,432
844,1,CHUMUNDE,432
845,3,MARIBÃ‰,432
846,5,PERLA ESMERALDEÃ‘A/SAN RUFINO,432
847,4,RASCADERA,432
848,2,BOCANA DEL LAGARTO,433
849,1,LAGARTO,433
850,3,VAINILLA,433
851,0,SIN ZONA,434
852,2,CABUYAL,435
853,1,RIO VERDE,435
854,2,CHUNGUILLO,436
855,1,ROCAFUERTE,436
856,0,SIN ZONA,437
857,1,ALTO TAMBO /GUADAL,438
858,2,CRISTAL ALTO,438
859,1,ANCON/PALMA REAL,439
860,2,CAUCHAL,439
861,0,SIN ZONA,440
862,1,CARONDELET,441
863,2,LA BOCA,441
864,3,19 DE MARZO,442
865,1,CONCEPCION,442
866,2,GUAYABAL,442
867,4,YALARE,442
868,3,LA CADENA,443
869,1,MATAJE,443
870,2,MATAJE ALTO,443
871,2,CHILLAVI DEL CEIBO,444
872,1,SAN JAVIER DE CACHABI,444
873,0,SIN ZONA,445
874,2,SAN FRANCISCO DE BOGOTA,446
875,1,SANTA RITA,446
876,2,EL PROGRESO,447
877,1,TAMBILLO,447
878,4,CENTRO AWA GUADUALITO,448
879,3,CENTRO AWA PAMBILAR,448
880,2,LA CEIBA,448
881,1,TULULBI /RICAURTE,448
882,0,SIN ZONA,449
883,3,BARRIO PUERTO LISA,450
884,4,BATALLÃ“N DEL SUBURBIO,450
885,12,CISNE 2 - LA PISTA,450
886,10,COLEGIO GARCIA GOYENA,450
887,7,CUARTEL CUATRO,450
888,8,DIOS PATRIA Y LIBERTAD,450
889,9,ESTERO SALADO,450
890,1,FEBRES CORDERO,450
891,5,HOSPITAL GUAYAQUIL,450
892,11,LA COLMENA,450
893,6,LA Q,450
894,2,PATRIA ECUATORIANA,450
895,13,PUENTE PATRIA,450
896,14,VIRGEN DE FATIMA,450
897,89,VOTO EN CASA,450
898,3,ACACIAS-GUANGALA,451
1199,0,SIN ZONA,583
899,2,ESTEROS,451
900,4,FERTISA,451
901,11,FLORESTA,451
902,10,GUASMO NORTE,451
903,9,GUASMO SUR-LA PLAYITA,451
904,5,HUANCAVILCA - COVIEM,451
905,6,ISLA TRINITARIA,451
906,8,LOS ALMENDROS - SAIBA,451
907,12,MATERNIDAD DEL GUASMO,451
908,7,PRADERA,451
909,89,VOTO EN CASA,451
910,1,XIMENA,451
911,12,BALERIO ESTACIO,452
912,2,BASTIÃ“N POPULAR,452
913,73,CPL GUAYAS N.  1 - LOGROS,452
914,61,CPL GUAYAS N.  1 - PABELLÃ“N 1,452
915,70,CPL GUAYAS N.  1 - PABELLÃ“N 10,452
916,71,CPL GUAYAS N.  1 - PABELLÃ“N 11,452
917,72,CPL GUAYAS N.  1 - PABELLÃ“N 12,452
918,62,CPL GUAYAS N.  1 - PABELLÃ“N 2,452
919,63,CPL GUAYAS N.  1 - PABELLÃ“N 3,452
920,64,CPL GUAYAS N.  1 - PABELLÃ“N 4,452
921,65,CPL GUAYAS N.  1 - PABELLÃ“N 5,452
922,66,CPL GUAYAS N.  1 - PABELLÃ“N 6,452
923,67,CPL GUAYAS N.  1 - PABELLÃ“N 7,452
924,68,CPL GUAYAS N.  1 - PABELLÃ“N 8,452
925,69,CPL GUAYAS N.  1 - PABELLÃ“N 9,452
926,74,CPL GUAYAS N.  1 - TRANSITORIO,452
927,75,CPL GUAYAS N.  2,452
928,76,CPL GUAYAS N.  5,452
929,77,CRS MASCULINO GUAYAS N.  4,452
930,3,EL PARAISO DE LA FLOR,452
931,7,FLOR DE BASTIÃ“N,452
932,4,LAS ORQUIDEAS - MUCHO LOTE,452
933,5,LOS VERGELES,452
934,8,METROPOLIS,452
935,11,MONTE SINAI,452
936,6,MONTEBELLO,452
937,1,PASCUALES,452
938,9,PUENTE LUCIA,452
939,10,SERGIO TORAL,452
940,89,VOTO EN CASA 1,452
941,90,VOTO EN CASA 2,452
942,3,ALBORADA,453
943,25,ALBORADA ESTE,453
944,24,ALBORADA OESTE,453
945,5,CHONGON,453
946,7,COLINAS DE LA FLORIDA,453
947,9,EL CONDOR,453
948,26,GUAYACANES,453
949,10,JUAN MONTALVO,453
950,27,KENNEDY,453
951,11,LA PROSPERINA,453
952,21,LOMAS DE LA FLORIDA,453
953,6,LOS CEIBOS,453
954,16,NUEVA PROSPERINA,453
955,13,QUINTO GUAYAS,453
956,23,SAMANES,453
957,22,SAUCES OESTE,453
958,1,TARQUI,453
959,15,URDENOR,453
960,89,VOTO EN CASA,453
961,1,DIVINO NIÃ‘O,454
962,3,HÃ‰CTOR COBOS,454
963,2,SECAP,454
964,1,EL RECREO,455
965,2,LA LOMA,455
966,1,ELOY ALFARO / DURAN,456
967,11,ELOY ALFARO NORTE,456
968,9,LOS ANGELES,456
969,2,LOS HELECHOS,456
970,5,PANORAMA,456
971,8,ROSA ELVIRA,456
972,10,UNA SOLA FUERZA,456
973,7,YAMILE,456
974,0,SIN ZONA,457
975,0,SIN ZONA,458
976,0,SIN ZONA,459
977,0,SIN ZONA,460
978,61,CAI MASCULINO - GUAYAQUIL,461
979,1,GARCIA MORENO,461
980,2,GUAYAQUIL,461
981,2,BAJADA DE CHANDUY,462
982,1,JUAN GOMEZ RENDON,462
983,2,4 DE NOVIEMBRE,463
984,1,LETAMENDI,463
985,3,VIRGEN DEL SOTO,463
986,89,VOTO EN CASA,463
987,0,SIN ZONA,464
988,0,SIN ZONA,465
990,3,CAMPO ALEGRE,467
991,2,CAUCHICHE,467
992,4,LOS MORREÃ‘OS,467
993,6,MATORRILLO,467
994,7,MONDRAGÃ“N,467
995,5,PUERTO ROMA,467
996,1,PUNA,467
997,0,SIN ZONA,468
998,0,SIN ZONA,469
999,0,SIN ZONA,470
1000,2,ACUARELA - SAUCES,471
1001,4,ATARAZANA,471
1002,29,BELAVISTA-FERROVIARIA,471
1003,19,CONSUELO,471
1004,30,GARZOTA,471
1005,20,MAPASINGUE ESTE,471
1006,8,MARTHA ROLDOS,471
1007,28,MIRAFLORES,471
1008,18,SABANA GRANDE,471
1009,14,SAN EDUARDO,471
1010,12,URDESA,471
1011,17,VÃA A LA COSTA,471
1012,0,SIN ZONA,472
1013,0,SIN ZONA,473
1014,3,DATA DE VILLAMIL,474
1015,4,ENGABAO,474
1016,1,PLAYAS,474
1017,5,PLAYAS NORTE,474
1018,2,SAN ANTONIO,474
1019,2,LA PUNTILLA NORTE,475
1020,1,LA PUNTILLA(SATELITE),475
1021,2,EL ROSARIO,476
1022,1,SAMBORONDON,476
1023,0,SIN ZONA,477
1024,0,SIN ZONA,478
1025,1,BALAO,479
1026,2,CIEN FAMILIAS,479
1027,1,BALZAR,480
1028,2,LA GUAYAQUIL,480
1029,1,COLIMES,481
1030,2,EL RELICARIO,481
1031,2,LONDON,482
1032,3,POTRERITOS,482
1033,1,SAN JACINTO,482
1034,1,CRNL MARCELINO MARIDUENAS,483
1035,2,LA ISLA,483
1036,0,SIN ZONA,484
1037,89,VOTO EN CASA,484
1038,0,SIN ZONA,485
1039,0,SIN ZONA,486
1040,1,LA AURORA,487
1041,2,RÃO DAULE,487
1042,0,SIN ZONA,488
1043,0,SIN ZONA,489
1044,0,SIN ZONA,490
1045,0,SIN ZONA,491
1046,2,DAULE - PERIPA,492
1047,1,GUAYAS / PUERTO NUEVO,492
1048,3,29 DE OCTUBRE,493
1049,2,ATILIO VÃ‰LEZ,493
1050,1,VELASCO IBARRA,493
1051,0,SIN ZONA,494
1052,0,SIN ZONA,495
1053,0,SIN ZONA,496
1054,0,SIN ZONA,497
1055,0,SIN ZONA,498
1056,0,SIN ZONA,499
1057,7,CAMILO ANDRADE,500
1058,6,CHIRIJOS,500
1059,2,CRNL. ENRIQUE VALDEZ,500
1060,9,DIEZ DE AGOSTO,500
1061,4,ERNESTO SEMINARIO,500
1062,3,ESTATAL,500
1063,1,MILAGRO,500
1064,8,MILAGRO NORTE,500
1065,5,OTTO AROSEMENA,500
1066,89,VOTO EN CASA 1,500
1067,90,VOTO EN CASA 2,500
1068,0,SIN ZONA,501
1069,0,SIN ZONA,502
1070,0,SIN ZONA,503
1071,0,SIN ZONA,504
1072,1,SANTA ROSA DE FLANDES,505
1073,2,VILLA NUEVA,505
1074,0,SIN ZONA,506
1075,1,NARANJITO,507
1076,2,SAN FRANCISCO,507
1077,1,NARCISA DE JESUS,508
1078,2,PETRILLO,508
1079,0,SIN ZONA,509
1080,1,PEDRO CARBO,510
1081,2,VILLAO,510
1082,0,SIN ZONA,511
1083,0,SIN ZONA,512
1084,0,SIN ZONA,513
1085,0,SIN ZONA,514
1086,0,SIN ZONA,515
1087,2,EL LAUREL DE SALITRE,516
1088,1,JUNQUILLAL,516
1089,0,SIN ZONA,517
1090,0,SIN ZONA,518
1091,0,SIN ZONA,519
1092,0,SIN ZONA,520
1093,2,EL LIMON,521
1094,3,LAS GABARRAS,521
1095,1,SANTA LUCIA,521
1096,1,CRNEL. LORENZO GARAICOA,522
1097,2,INÃ‰S MARIA,522
1098,0,SIN ZONA,523
1099,0,SIN ZONA,524
1100,0,SIN ZONA,525
1101,2,CENTENARIO,526
1102,1,YAGUACHI NUEVO,526
1103,0,SIN ZONA,527
1104,0,SIN ZONA,528
1105,0,SIN ZONA,529
1106,0,SIN ZONA,530
1107,0,SIN ZONA,531
1108,0,SIN ZONA,532
1109,0,SIN ZONA,533
1110,0,SIN ZONA,534
1111,0,SIN ZONA,535
1112,6,CIELO VERDE,536
1113,5,EL CHONTAL,536
1114,1,GARCIA MORENO /LLURIMAGUA,536
1115,8,LA INDEPENDIENTE,536
1116,3,LA MADGALENA BAJA,536
1117,7,LAS GOLONDRINAS,536
1118,2,NARANJITO,536
1119,9,RUMIÃ‘AHUI,536
1120,1,IMANTAG,537
1121,2,PIÃ‘AN,537
1122,2,EL CRISTAL,538
1123,3,NANGULVI BAJO,538
1124,1,PEÃ‘AHERRERA,538
1125,0,SIN ZONA,539
1126,0,SIN ZONA,540
1127,0,SIN ZONA,541
1128,0,SIN ZONA,542
1129,89,VOTO EN CASA,542
1130,0,SIN ZONA,543
1131,1,AMBUQUI / CHOTA,544
1132,4,CARPUELA,544
1133,5,CHAUPI GUARANGUI,544
1134,3,CHOTA,544
1135,2,JUNCAL,544
1136,6,SAN CLEMENTE,544
1137,1,ANGOCHAGUA,545
1138,3,LA MERCED,545
1139,2,ZULETA,545
1140,0,SIN ZONA,546
1141,1,CAROLINA /GUALLUPI,547
1142,2,CUAJARA,547
1143,0,SIN ZONA,548
1144,0,SIN ZONA,549
1145,0,SIN ZONA,550
1146,0,SIN ZONA,551
1147,61,CPL IMBABURA N.  1,552
1148,0,SIN ZONA,552
1149,89,VOTO EN CASA,552
1150,0,SIN ZONA,553
1151,4,LA COMPANIA,554
1152,5,LOS SOLES,554
1153,1,SAN ANTONIO,554
1154,3,SANTO DOMINGO,554
1155,2,TANGUARIN,554
1156,2,MANZANO GUARANGUI,555
1157,1,SAN FRANCISCO,555
1158,0,SIN ZONA,556
1159,0,SIN ZONA,557
1160,1,GONZALEZ SUAREZ,558
1161,2,PIJAL ALTO,558
1162,1,JORDAN,559
1163,2,LA COMPANIA,559
1164,89,VOTO EN CASA,559
1165,0,SIN ZONA,560
1166,2,INGUINCHO,561
1167,1,SAN JOSE DE QUICHINCHE,561
1168,0,SIN ZONA,562
1169,0,SIN ZONA,563
1170,2,EL TOPO,564
1171,1,SAN PABLO,564
1172,0,SIN ZONA,565
1173,0,SIN ZONA,566
1174,1,CHUGA,567
1175,2,SAN FRANCISCO DE LOS PALMARES,567
1176,0,SIN ZONA,568
1177,2,CHALGUAYACO,569
1178,4,EL INCA,569
1179,1,PIMAMPIRO,569
1180,3,PUEBLO NUEVO DE YUQUIN,569
1181,1,SAN FCO. SIGSIPAMBA,570
1182,2,SHANSHIPAMBA,570
1183,0,SIN ZONA,571
1184,1,LA MERCED DE BUENOS AIRES,572
1185,2,PALMIRA DE TOCTEMI - AWA,572
1186,2,LA VICTORIA,573
1187,1,PABLO ARENAS,573
1188,2,IRUGUINCHO,574
1189,1,SAN BLAS,574
1190,0,SIN ZONA,575
1191,0,SIN ZONA,576
1192,0,SIN ZONA,577
1193,0,SIN ZONA,578
1194,2,CHINCHANGA CENTRO,579
1195,1,COLAIZACA,579
1196,0,SIN ZONA,580
1197,0,SIN ZONA,581
1200,1,CATAMAYO,584
1201,2,CHICHACA,584
1202,1,EL TAMBO,585
1203,2,LA MERCED,585
1204,0,SIN ZONA,586
1205,0,SIN ZONA,587
1206,0,SIN ZONA,588
1207,0,SIN ZONA,589
1208,0,SIN ZONA,590
1209,0,SIN ZONA,591
1210,2,HIGUERON,592
1211,3,POTRERILLOS - VICIN,592
1212,1,SABANILLA,592
1213,2,POTRERILLOS,593
1214,1,SAN JUAN DE POZUL,593
1215,0,SIN ZONA,594
1216,0,SIN ZONA,595
1217,0,SIN ZONA,596
1218,0,SIN ZONA,597
1219,0,SIN ZONA,598
1220,2,LOZUMBE,599
1221,1,SANTA RUFINA,599
1222,0,SIN ZONA,600
1223,0,SIN ZONA,601
1224,1,BELLAVISTA,602
1225,2,JIBIRUCHE,602
1226,0,SIN ZONA,603
1227,3,CONSAGUANA,604
1228,1,EL INGENIO,604
1229,2,GRANADILLO,604
1230,0,SIN ZONA,605
1231,1,SANTA TERESITA,606
1232,2,TUNDURAMA,606
1233,0,SIN ZONA,607
1234,0,SIN ZONA,608
1235,0,SIN ZONA,609
1236,0,SIN ZONA,610
1237,2,CRUZ DE YAZAPA,611
1238,3,LIMON VEGA,611
1239,1,SACAPALCA,611
1240,4,VEGA GRANDE,611
1241,1,CARIGAN,612
1242,3,LA BANDA,612
1243,2,LAS PITAS,612
1244,0,SIN ZONA,613
1245,0,SIN ZONA,614
1246,0,SIN ZONA,615
1247,0,SIN ZONA,616
1248,0,SIN ZONA,617
1249,89,VOTO EN CASA,617
1250,0,SIN ZONA,618
1251,2,JESÃšS MARÃA BAJO,619
1252,1,JIMBILLA,619
1253,0,SIN ZONA,620
1254,5,COLINAS LOJANAS,621
1255,1,LA ARGELIA,621
1256,3,LA TEBAIDA,621
1257,4,SAN PEDRO,621
1258,0,SIN ZONA,622
1259,2,LAS JUNTAS,623
1260,1,SAN LUCAS,623
1261,0,SIN ZONA,624
1262,61,CPL LOJA N.  1,625
1263,0,SIN ZONA,625
1264,89,VOTO EN CASA,625
1265,0,SIN ZONA,626
1266,5,BELÃ‰N,627
1267,7,BOLONIA,627
1268,3,CELI ROMÃN,627
1269,4,CLODOVEO,627
1270,8,GRAN COLOMBIA,627
1271,6,MENFIS-OBRAPIA,627
1272,1,MIRAFLORES,627
1273,9,TIERRAS COLORADAS,627
1274,89,VOTO EN CASA,627
1275,3,CERA,628
1276,1,TAQUIL /MIGUEL RIOFRIO,628
1277,0,SIN ZONA,629
1278,0,SIN ZONA,630
1279,0,SIN ZONA,631
1280,0,SIN ZONA,632
1281,0,SIN ZONA,633
1282,2,ALGODONAL,634
1283,1,MACARA,634
1284,0,SIN ZONA,635
1285,0,SIN ZONA,636
1286,0,SIN ZONA,637
1287,0,SIN ZONA,638
1288,0,SIN ZONA,639
1289,0,SIN ZONA,640
1290,2,BRAMADEROS,641
1291,3,EL DULCE,641
1292,4,EL LIMON,641
1293,1,GUACHANAMA,641
1294,2,LA PALMA,642
1295,1,LAURO GUERRERO,642
1296,2,LAS COCHAS,643
1297,1,LOURDES,643
1298,3,SAN VICENTE DEL RIO,643
1299,2,NARANJILLO,644
1300,1,ORIANGA,644
1301,0,SIN ZONA,645
1302,0,SIN ZONA,646
1303,1,12 DE DICIEMBRE,647
1304,2,CURIACHI,647
1305,1,CHAQUINAL,648
1306,2,EL PAPAYO,648
1307,2,EL GUANDO,649
1308,1,MILAGROS,649
1309,0,SIN ZONA,650
1310,0,SIN ZONA,651
1311,1,CIANO,652
1312,2,LAS COCHAS,652
1313,0,SIN ZONA,653
1314,1,EL LIMO /MARIANA DE JESUS,654
1315,2,MANGURQUILLO,654
1316,0,SIN ZONA,655
1317,2,GUATUNUMÃ,656
1318,1,VICENTINO,656
1319,0,SIN ZONA,657
1320,0,SIN ZONA,658
1321,0,SIN ZONA,659
1322,0,SIN ZONA,660
1323,0,SIN ZONA,661
1324,0,SIN ZONA,662
1325,1,MANU,663
1326,2,TAGUARCOCHA,663
1327,2,CHAMICAL,664
1328,3,GUELEDEL,664
1329,1,SAN ANTONIO DE CUMBE,664
1330,0,SIN ZONA,665
1331,1,SAN SEBASTIAN DE YULOG,666
1332,2,UCHUCAY,666
1333,0,SIN ZONA,667
1334,0,SIN ZONA,668
1335,2,MOSTAZAPAMBA,669
1336,1,SUMAYPAMBA,669
1337,0,SIN ZONA,670
1338,0,SIN ZONA,671
1339,0,SIN ZONA,672
1340,2,LA DELICIA,673
1341,3,PANDUANA,673
1342,1,TACAMOROS,673
1343,1,BOLASPAMBA,674
1344,2,VEGA ALTA,674
1345,0,SIN ZONA,675
1346,0,SIN ZONA,676
1347,1,LIMONES,677
1348,2,TRONCO QUEMADO,677
1349,4,LA LEONERA,678
1350,1,MANGAHURCO,678
1351,2,AÃ‘ANCAL,679
1352,3,CAUCHO GRANDE,679
1353,1,PALETILLAS,679
1354,0,SIN ZONA,680
1355,0,SIN ZONA,681
1356,4,CAMPO ALEGRE,682
1357,3,EL GUAYABO,682
1358,1,GUARE,682
1359,2,LA CARMELA,682
1360,0,SIN ZONA,683
1361,1,BARREIRO /SANTA RITA,684
1362,2,BARREIRO NUEVO,684
1363,0,SIN ZONA,685
1364,1,CLEMENTE BAQUERIZO,686
1365,2,PUERTA NEGRA,686
1366,89,VOTO EN CASA,686
1367,61,CPPL MASCULINO LOS RIOS N.  1,687
1368,0,SIN ZONA,687
1369,0,SIN ZONA,688
1370,1,FEBRES CORDERO,689
1371,2,MATILDE ESTHER,689
1372,3,PUEBLO NUEVO,689
1373,2,EL CUATRO,690
1374,1,LA UNION,690
1375,2,ISABEL MARIA,691
1376,3,LA VIRGINIA,691
1377,1,PIMOCHA,691
1378,2,LOS ANGELES,692
1379,1,PATRICIA PILAR,692
1380,2,FUMISA,693
1381,1,SN JACINTO DE BUENA FE,693
1382,2,AGUAS FRIAS,694
1383,4,ALEJO LASCANO,694
1384,1,MOCACHE,694
1385,3,SAN LUIS,694
1386,0,SIN ZONA,695
1387,2,LA PRETORIA,696
1388,1,MONTALVO /SABANETA,696
1389,3,JAUNECHE,697
1390,2,LA LIBERTAD,697
1391,1,PALENQUE,697
1392,0,SIN ZONA,698
1393,0,SIN ZONA,699
1394,0,SIN ZONA,700
1395,0,SIN ZONA,701
1396,0,SIN ZONA,702
1397,0,SIN ZONA,703
1398,61,CPL LOS RIOS N.  2,704
1399,0,SIN ZONA,704
1400,1,QUEVEDO,705
1401,2,QUEVEDO NORTE,705
1402,89,VOTO EN CASA,705
1403,0,SIN ZONA,706
1404,0,SIN ZONA,707
1405,0,SIN ZONA,708
1406,89,VOTO EN CASA,708
1407,0,SIN ZONA,709
1408,0,SIN ZONA,710
1409,0,SIN ZONA,711
1410,2,PAMBILAR DE CALOPE,712
1411,1,QUINSALOMA,712
1412,0,SIN ZONA,713
1413,5,LA HOJITA,714
1414,3,LA INDUSTRIA,714
1415,6,POTOSI,714
1416,1,RICAURTE,714
1417,2,SALAMPE,714
1418,4,SAN JOSE DE PIJULLO,714
1419,6,COOPERATIVA 6 DE AGOSTO,715
1420,3,COSTA AZUL,715
1421,2,EL VERGEL,715
1422,4,FEDERICO INTRIAGO,715
1423,7,GONZALEZ SUAREZ,715
1424,5,RIO CHILA,715
1425,1,VALENCIA,715
1426,0,SIN ZONA,716
1427,0,SIN ZONA,717
1428,0,SIN ZONA,718
1429,2,LAS MALVINAS,719
1430,1,VENTANAS,719
1431,4,AGUAS FRIAS DE MEDELLIN,720
1432,2,NUEVO ZAPOTAL,720
1433,3,TARIRA,720
1434,1,ZAPOTAL,720
1435,1,ANTONIO SOTOMAYOR,721
1436,2,BAGATELA,721
1437,5,CLARIZA,721
1438,2,BALZAR DE VINCES,722
1439,3,LA MECHA,722
1440,4,MACUL,722
1441,1,VINCES,722
1442,1,CALCETA,723
1443,2,SAN PABLO DE SEVERINO,723
1444,0,SIN ZONA,724
1445,0,SIN ZONA,725
1446,0,SIN ZONA,726
1447,1,CANUTO,727
1448,2,SAN PABLO DE TARUGO,727
1449,4,BOCA DE BARBUDAL,728
1450,1,CHIBUNGA,728
1451,3,SAN FRANCISCO DE YAHUILA,728
1452,2,SAN JUAN DE BUA,728
1453,5,SANTA ROSA DE CUCHARA,728
1454,0,SIN ZONA,729
1455,89,VOTO EN CASA,729
1456,0,SIN ZONA,730
1457,2,CUCUY,731
1458,1,ELOY ALFARO,731
1459,3,LAS PIEDRAS,731
1460,4,COLORADO,732
1461,7,LAS GARZAS,732
1462,5,NUEVO BACHILLERO,732
1463,2,PAVON,732
1464,1,RICAURTE,732
1465,6,RIO SANTO,732
1466,3,SESME,732
1467,2,BARQUERO,733
1468,3,BRAVOS CHICOS,733
1469,1,SAN ANTONIO /DEL PELUDO,733
1470,4,Ã‘AUSE,734
1471,6,CARRASCO,734
1472,2,PUEBLITO (RIO GRANDE),734
1473,3,PUERTO EL MATE,734
1474,5,QUEBRADA DEL BEJUCO,734
1475,1,SANTA RITA,734
1476,7,TABLADA DE SÃNCHEZ,734
1477,0,SIN ZONA,735
1478,4,ALEJANDRINO VELÃSQUEZ,736
1479,1,EL CARMEN,736
1480,3,EL PORVENIR,736
1481,2,LA BRAMADORA,736
1482,3,EL DESCANSO,737
1483,2,EL ROSARIO,737
1484,1,LA 14/EL PARAISO,737
1485,89,VOTO EN CASA,737
1486,3,LAS MERCEDES DE AGUAS SUCIA,738
1487,2,PUERTO NUEVO,738
1488,1,SAN PEDRO DE SUMA,738
1489,2,LA PALIZADA,739
1490,1,SANTA MARIA,739
1491,3,SANTA TERESA,739
1492,89,VOTO EN CASA,739
1493,2,TEODOMIRO,740
1494,1,WILFRIDO LOOR M.,740
1495,6,EL DESCANSO DE LOS ROMEROS,741
1496,1,FLAVIO ALFARO,741
1497,4,LA CODICIA,741
1498,2,LA CRESPA,741
1499,5,LA LAGUNA DE CUCHARA,741
1500,7,LA MATUTINA,741
1501,3,SAN JOSE DE TRIPA DE POLLO,741
1502,5,BOCA DE TIGRE,742
1503,6,LOS VIVERES DE LA POLVOSA,742
2385,0,SIN ZONA,1091
1504,1,NOVILLO,742
1505,2,SAN AGUSTIN RIO DE LAS VACAS,742
1506,4,SAN ANTONIO DE TIGRE-PATA DE MULA,742
1507,0,SIN ZONA,743
1508,4,BIGUA,744
1509,5,COLORADO,744
1510,1,JAMA,744
1511,2,LA MOCORA,744
1512,3,RAMBUCHE,744
1513,1,JUNIN,745
1514,2,MONTAÃ‘ITA,745
1515,1,10 DE AGOSTO,746
1516,2,SANTA TERESA,746
1517,0,SIN ZONA,747
1518,2,BECHE,748
1519,4,CHEVE ARRIBA,748
1520,1,COJIMIES,748
1521,6,CORAZÃ“N DE BORDONES,748
1522,3,ELOY ALFARO,748
1523,5,LOS ZENGUES,748
1524,7,PAVÃ“N,748
1525,3,CAÃ‘AVERAL DEL NARANJO,749
1526,1,PEDERNALES,749
1527,2,SERRANO,749
1528,1,BARRAGANETE,750
1529,4,CABECERA DE RIO SALAZAR,750
1530,3,EL DIQUE,750
1531,5,EL MORAL-TRES PUNTAS,750
1532,2,RIO VENDIDO,750
1533,3,CAÃ‘ALES,751
1534,2,EL AJO,751
1535,1,PICHINCHA /GERMUD,751
1536,3,BOCA DE CAÃ‘A,752
1537,2,LA AZUCENA,752
1538,1,SAN SEBASTIAN,752
1539,3,EL HIGUERON,753
1540,4,EL RESBALÃ“N,753
1541,1,ROCAFUERTE,753
1542,5,SAN ELOY,753
1543,2,SOSOTE,753
1544,0,SIN ZONA,754
1545,2,SALINAS,755
1546,1,SAN VICENTE,755
1547,0,SIN ZONA,756
1548,1,CHARAPOTO,757
1549,2,SAN ALEJO,757
1550,3,SAN CLEMENTE,757
1551,4,SAN JACINTO,757
1552,61,CRS MASCULINO MANABI N.  3,758
1553,0,SIN ZONA,758
1554,0,SIN ZONA,759
1555,0,SIN ZONA,760
1556,0,SIN ZONA,761
1557,5,BOTIJAS AFUERA,762
1558,4,CERRO VERDE,762
1559,3,EL JUNCO,762
1560,2,EL TAMBO,762
1561,1,TOSAGUA,762
1562,0,SIN ZONA,763
1563,1,BELLAVISTA,764
1564,2,EL ESFUERZO,764
1565,2,EL ENCUENTRO,765
1566,1,NOBOA,765
1567,0,SIN ZONA,766
1568,0,SIN ZONA,767
1569,0,SIN ZONA,768
1570,0,SIN ZONA,769
1571,0,SIN ZONA,770
1572,61,CRS MASCULINO MANABI N.  2,771
1573,1,JIPIJAPA,771
1574,2,SANCAN,771
1575,0,SIN ZONA,772
1576,0,SIN ZONA,773
1577,0,SIN ZONA,774
1578,0,SIN ZONA,775
1579,0,SIN ZONA,776
1580,2,CANTA GALLO,777
1581,1,PUERTO CAYO,777
1582,0,SIN ZONA,778
1583,1,CENTRO ELOY ALFARO,779
1584,3,KIWANI,779
1585,4,LA AURORA,779
1586,2,TERESA DE CALCUTA,779
1587,89,VOTO EN CASA,779
1588,3,ALTAGRACIA,780
1589,2,EL PALMAR,780
1590,1,ESTEROS,780
1591,4,LA PRADERA,780
1592,89,VOTO EN CASA,780
1593,1,MANTA - PEDRO FERMIN,781
1594,2,SANTA MARTHA,781
1595,3,UNIVERSIDAD,781
1596,89,VOTO EN CASA,781
1597,0,SIN ZONA,782
1598,0,SIN ZONA,783
1599,0,SIN ZONA,784
1600,1,CENTRO DE TARQUI,785
1601,3,JOCAY,785
1602,4,MARIA AUXILIADORA NRO 2,785
1603,2,SAN PEDRO,785
1604,89,VOTO EN CASA,785
1605,1,ANIBAL SAN ANDRES,786
1606,2,PEPA DE HUSO-LA SEQUITA,786
1607,0,SIN ZONA,787
1608,0,SIN ZONA,788
1609,0,SIN ZONA,789
1610,1,LEONIDAS PROAÃ‘O,790
1611,2,TIERRA SANTA,790
1612,4,BAJO DE LA PALMA,791
1613,2,LOS BAJOS DE PECHICHE,791
1614,1,MONTECRISTI,791
1615,5,PILE,791
1616,2,LA FLORIDA,792
1617,1,OLMEDO,792
1618,1,CAMPOZANO,793
1619,2,SANTA BÃRBARA,793
1620,0,SIN ZONA,794
1621,0,SIN ZONA,795
1622,0,SIN ZONA,796
1623,0,SIN ZONA,797
1624,1,12 DE MARZO,798
1625,2,FORESTAL,798
1626,89,VOTO EN CASA,798
1627,1,18 DE OCTUBRE - COLISEO ELOY ALFARO,799
1628,2,EL MAESTRO,799
1629,3,EL PERIODISTA,799
1630,4,MUNICIPAL,799
1631,89,VOTO EN CASA,799
1632,0,SIN ZONA,800
1633,0,SIN ZONA,801
1634,1,ANDRES DE VERA,802
1635,2,EL FLORON,802
1636,3,SAN ALEJO,802
1637,4,SAN GREGORIO,802
1638,5,URUGUAY,802
1639,89,VOTO EN CASA,802
1640,0,SIN ZONA,803
1641,1,COLON,804
1642,3,LOS ÃNGELES,804
1643,2,PACHINCHE EN MEDIO,804
1644,1,CRUCITA,805
1645,2,LOS RANCHOS - ARENALES,805
1646,3,SAN SILVESTRE,805
1647,61,CPL MANABI N.  1,806
1648,2,FATIMA,806
1649,1,FRANCISCO PACHECO,806
1650,3,NUEVO PORTOVIEJO,806
1651,3,HIGUERON ADENTRO,807
1652,2,MEJIA,807
1653,1,PICOAZA,807
1654,1,PORTOVIEJO - PARQUE CENTRAL,808
1655,2,RAFAEL MARIA MENDOZA,808
1656,0,SIN ZONA,809
1657,61,CPL MANABI N.  4,810
1658,0,SIN ZONA,810
1659,0,SIN ZONA,811
1660,2,EL PROGRESO,812
1661,1,SAN PLACIDO,812
1662,0,SIN ZONA,813
1663,0,SIN ZONA,814
1664,0,SIN ZONA,815
1665,2,LAS TUNAS,816
1666,1,SALANGO,816
1667,0,SIN ZONA,817
1668,1,HONORATO VASQUEZ,818
1669,3,LA CHONTILLA 1,818
1670,2,LA SAIBA,818
1671,2,CHICOMPE,819
1672,1,LA UNION,819
1673,2,CAMINO NUEVO,820
1674,1,LODANA,820
1675,0,SIN ZONA,821
1676,0,SIN ZONA,822
1677,0,SIN ZONA,823
1678,0,SIN ZONA,824
1679,3,AYANTAS,825
1680,1,BOMBOIZA,825
1681,4,CHUMPIAS,825
1682,8,KAYAMAS,825
1683,5,MONTERREY,825
1684,7,SHAIME,825
1685,6,SHUAR SAKANAS,825
1686,2,TINK,825
1687,0,SIN ZONA,826
1688,0,SIN ZONA,827
1689,1,GUALAQUIZA,828
1690,3,PROVEEDURIA,828
1691,2,TUCUMBAZA,828
1692,0,SIN ZONA,829
1693,0,SIN ZONA,830
1694,0,SIN ZONA,831
1695,0,SIN ZONA,832
1696,8,CENTRO SHUAR KAYAMENTSA,833
1697,1,CHIGUAZA,833
1698,6,COOP. 5 DE NOVIEMBRE,833
1699,3,SAN JUAN,833
1700,4,SAN JUAN BOSCO,833
1701,2,SAN PABLO,833
1702,5,SHUAR TUNA CHIWIAS-MARIA AUXILIADORA,833
1703,7,TSEMANTSMAN SAN JOSÃ‰,833
1704,1,HUAMBOYA,834
1705,2,NAMAKIM,834
1706,3,SHUAR PANKINTS,834
1707,0,SIN ZONA,835
1708,0,SIN ZONA,836
1709,4,LA VICTORIA,837
1710,1,SAN ANTONIO,837
1711,5,WARINTZA,837
1712,2,YANGUZA,837
1713,3,YUNGUMAS,837
1714,0,SIN ZONA,838
1715,2,LA ESPERANZA,839
1716,3,PUPUNAS,839
1717,1,SANTA SUSANA DE CHIVIAZA,839
1718,0,SIN ZONA,840
1719,0,SIN ZONA,841
1720,2,COMUNA GRANDE,842
1721,1,SHIMPIS,842
1722,4,SANTIAGO TUKUP,843
1723,3,TUMPAIM,843
1724,2,YAAP,843
1725,1,YAUPI,843
1726,0,SIN ZONA,844
1727,0,SIN ZONA,845
1728,0,SIN ZONA,846
1729,61,CPL MORONA SANTIAGO N.  1,847
1730,0,SIN ZONA,847
1731,89,VOTO EN CASA,847
1732,0,SIN ZONA,848
1733,89,VOTO EN CASA,848
1734,0,SIN ZONA,849
1735,20,ANTUASH,850
1736,15,CENTRO NUWENTS,850
1737,19,CHAPIS,850
1738,21,COMUNIDAD DE SANTA ANA,850
1739,18,DON BOSCO,850
1740,8,MIAZAL,850
1741,6,MUTINTS,850
1742,17,NUMPAIM,850
1743,7,PANKINTS CUTUCU,850
1744,10,SAN JOSE DE KUSUIM,850
1745,2,SAN LUIS DE ININKIS,850
1746,4,SANTA ROSA,850
1747,1,SEVILLA DON BOSCO,850
1748,9,SHUAR KURINUNKA,850
1749,12,TSENKUSH,850
1750,13,TUYUNTZA NORTE,850
1751,11,UCHICH SUANTS,850
1752,5,UUNT SUANTS,850
1753,3,UUNT WICHIM,850
1754,16,UYUNTS,850
1755,0,SIN ZONA,851
1756,0,SIN ZONA,852
1757,2,LA OCTAVA,853
1758,1,PABLO SEXTO,853
1759,0,SIN ZONA,854
1760,0,SIN ZONA,855
1761,1,CUMANDA,856
1762,2,OTO AROSEMENA 1,856
1763,0,SIN ZONA,857
1764,2,CHINIMPI,858
1765,1,SANGAY,858
1766,0,SIN ZONA,859
1767,2,NUMPATKAIN,860
1768,1,SAN CARLOS DE LIMON,860
1769,3,WAAPIS,860
1770,0,SIN ZONA,861
1771,2,CALAGLAS,862
1772,1,SAN JUAN BOSCO,862
1773,0,SIN ZONA,863
1774,0,SIN ZONA,864
1775,0,SIN ZONA,865
1776,0,SIN ZONA,866
1777,2,IPIAKIM,867
1778,1,PATUCA,867
1779,2,PANIA,868
1780,1,SAN FCO. DE CHINIMBIMI,868
1781,3,YAKUANK,868
1782,0,SIN ZONA,869
1783,0,SIN ZONA,870
1784,1,ASUNCION,871
1785,2,SAN JOSE SUR,871
1786,3,SUNKANTS,871
1787,2,CUMBATZA,872
1788,1,HUAMBI,872
1789,0,SIN ZONA,873
1790,3,SAIP,874
1791,2,SAN PABLO,874
1792,1,SUCUA,874
1793,89,VOTO EN CASA,874
1794,3,ACHUAR WACHIRPAS,875
1795,6,COMUNIDAD ACHUAR SHUIN MAMUS,875
1796,1,HUASAGA /WAMPUIK,875
1797,4,IPIAK,875
1798,2,KAIPTASH,875
1799,5,PAKINTS,875
1800,7,CENTRO SHUAR KANKAIM NORTE,876
1801,5,KUSUTKA,876
1802,1,MACUMA,876
1803,3,MAMAYAK,876
1804,6,YAMPUNA NORTE,876
1805,2,YUWINTS,876
1806,4,ACHUAR SAAPAPENTSA,877
1807,6,ACHUAR WICHIM,877
1808,9,COMUNIDAD ACHUAR KUPIT,877
1809,8,COMUNIDAD ACHUAR SETUCH,877
1810,7,JUYUKAMENTSA,877
1811,3,MASHUMARENTZA,877
1812,1,PUMPUENTSA,877
1813,5,SEBASTIAN,877
1814,2,WAZAKENTZA,877
1815,8,CANGAIME SUR,878
1816,11,CHIARENTSA,878
1817,9,ISHPINK,878
1818,2,LA LIBERTAD,878
1819,3,PIMPINTS,878
1820,7,SASAIMI,878
1821,6,SHAINKIAM,878
1822,4,SHINKIATAM,878
1823,1,TAISHA,878
1824,5,TINTIUKENTSA,878
1825,10,JEMPENTS,879
1826,4,KAPANTINENTSA,879
1827,5,KUSUIMI,879
1828,15,LIBERTAD SUR,879
1829,16,NAYANTS,879
1830,11,PUKAR,879
1831,12,PUTUIM,879
1832,9,PUTUNTS,879
1833,7,SHIRAMENTSA,879
1834,13,SHUAR CHIWIAS,879
1835,8,SHUAR ETSA,879
1836,14,SHUAR KAPITIAN,879
1837,6,SHUAR KASHAI,879
1838,2,TUKUP,879
1839,1,TUTINENTZA,879
1840,3,YAMANUNKA,879
1841,3,CENTRO CHAU,880
1842,6,KAANK GRANDE,880
1843,8,LA UNIÃ“N,880
1844,5,PANINTS,880
1845,4,PUERTO MORONA,880
1846,7,RIO AMAZONAS,880
1847,1,SAN JOSE DE MORONA,880
1848,3,COMUNIDAD MAYAIK,881
1849,1,SANTIAGO,881
1850,2,TAYUNTS,881
1851,1,ARCHIDONA,882
1852,2,SANTA RITA,882
1853,1,COTUNDO,883
1854,61,CPL NAPO N.  1,883
1855,2,KM 18,883
1856,3,PAPANKU,883
1857,1,10 DE AGOSTO,884
1858,5,CHALLWAYAKU,884
1859,4,PACTO SUMACO,884
1860,2,WAMANÃ,884
1861,3,WAWA SUMACO,884
1862,2,POROTOYACU,885
1863,1,SAN PABLO DE USHPAYACU,885
1864,1,CARLOS J. AROSEMENA TOLA,886
1865,2,NUEVA ESPERANZA,886
1866,0,SIN ZONA,887
1867,1,G. DIAZ DE PINEDA,888
1868,2,SAN LUIS,888
1869,0,SIN ZONA,889
1870,0,SIN ZONA,890
1871,2,CASCABEL,891
1872,1,SANTA ROSA DE QUIJOS,891
1873,0,SIN ZONA,892
1874,0,SIN ZONA,893
1875,0,SIN ZONA,894
1876,0,SIN ZONA,895
1877,0,SIN ZONA,896
1878,0,SIN ZONA,897
1879,0,SIN ZONA,898
1880,1,AHUANO,899
1881,2,CAMPANA COCHA,899
1882,3,CAMPO COCHA,899
1883,4,NUEVO PARAISO,899
1884,6,RIO BLANCO,899
1885,8,SANTA BARBARA,899
1886,9,SANTA ROSA,899
1887,7,TAMIA URCO,899
1888,5,ZANCUDO,899
1889,4,Ã‘UCANCHI ALPA,900
1890,3,Ã‘UCANCHI LLAKTA KM 28,900
1891,8,CAMPO ALEGRE,900
1892,1,CHONTAPUNTA,900
2386,0,SIN ZONA,1092
1893,7,COLONIA LOS RIOS,900
1894,5,CRUZCHICTA,900
1895,11,FUERZAS UNIDAS,900
1896,6,GARENO,900
1897,13,LAS CANELAS,900
1898,10,MANGO PLAYA,900
1899,2,MONDAÃ‘A,900
1900,12,SAN ALBERTO DE BELLAVISTA BAJA,900
1901,9,SHIRIPUNO 2,900
1902,0,SIN ZONA,901
1903,1,PUERTO MISAHUALLI,902
1904,2,SAN MIGUEL DE PALMERAS,902
1905,3,VENECIA DERECHA,902
1906,2,ATAHUALPA,903
1907,1,PUERTO NAPO,903
1908,0,SIN ZONA,904
1909,2,ILAYAKU,905
1910,3,JATUN YAKU,905
1911,1,TALAG,905
1912,0,SIN ZONA,906
1913,89,VOTO EN CASA,906
1914,1,ARAJUNO,907
1915,3,OBEPARE,907
1916,2,PITACOCHA,907
1917,6,CHUYAYACU,908
1918,1,CURARAY,908
1919,7,JAIME ROLDOS,908
1920,9,LIKINO,908
1921,8,MEÃ‘EMPARE,908
1922,5,TIWINO,908
1923,3,TOÃ‘AMPARI,908
1924,2,VILLANO,908
1925,3,AMAZONAS,909
1926,61,CPPL MIXTO PASTAZA N.  1,909
1927,1,MADRE TIERRA,909
1928,4,NUEVA VIDA,909
1929,2,SANTA ANA,909
1930,0,SIN ZONA,910
1931,0,SIN ZONA,911
1932,1,10 DE AGOSTO,912
1933,2,SAN RAMON,912
1934,1,CANELOS,913
1935,2,CHONTOA,913
1936,3,EL NARANJAL,913
1937,0,SIN ZONA,914
1938,0,SIN ZONA,915
1939,5,BUFEO,916
1940,4,CHARAPACOCHA,916
1941,9,CONAMBO,916
1942,10,JANDIAYACU,916
1943,12,KAPAWARI,916
1944,2,KAPAWI,916
1945,6,KURINTZA,916
1946,1,MONTALVO /ANDOAS,916
1947,8,NUMBAIMI,916
1948,11,PINDUYACU,916
1949,13,TERESA MAMA,916
1950,7,WUAYUSENTSA,916
1951,0,SIN ZONA,917
1952,0,SIN ZONA,918
1953,89,VOTO EN CASA,918
1954,1,MAKUSAR,919
1955,4,TINKIAS,919
1956,5,YUTSUNTSA,919
1957,4,LOROCACHI,920
1958,6,NINA AMARUM,920
1959,1,SURAKA,920
1960,3,WIRIRIMA,920
1961,5,YANDANA ENTSA,920
1962,8,ANKUASH,921
1963,2,CHAPINTZA,921
1964,5,CHICO COPATAZA,921
1965,7,CHUWITAYU,921
1966,6,COPATAZA,921
1967,4,SAN CARLOS,921
1968,3,SHARUPI,921
1969,1,SIMON BOLIVAR,921
1970,9,TSURAKU,921
1971,2,PUTUIMI,922
1972,3,SAN JACINTO,922
1973,4,SAN PEDRO,922
1974,1,TARQUI,922
1975,3,BOAYACU,923
1976,2,LA MARISCAL,923
1977,1,TNTE. HUGO ORTIZ,923
1978,0,SIN ZONA,924
1979,6,ACHUAR,925
1980,9,GUARANI,925
1981,4,JATUN MOLINO,925
1982,11,LLANCHAMA COCHA,925
1983,3,MORETECOCHA,925
1984,2,PACAYACU,925
2387,0,SIN ZONA,1093
1985,8,PIWIRI,925
1986,7,RAYAYACU,925
1987,5,SANTIAK,925
1988,10,UYUIMI,925
1989,1,ZARAYACU,925
1990,0,SIN ZONA,926
1991,2,SAN FRANCISCO DE PUNIN,927
1992,1,SANTA CLARA,927
2538,0,SIN ZONA,1155
2539,0,SIN ZONA,1156
2540,1,SANSAHUARI,1157
2541,2,UNIÃ“N NACIONAL,1157
2542,1,SANTA ELENA,1158
2543,2,UNIÃ“N ORENSE,1158
2544,4,24 DE MAYO,1159
2545,1,LIMONCOCHA,1159
2546,2,NUEVO PARAISO,1159
2547,6,SANI ISLA,1159
2548,3,UNIÃ“N AMAZÃ“NICA,1159
2549,5,YAMANUNKA,1159
2550,1,PANACOCHA,1160
2551,2,PUKA PEÃ‘A,1160
2552,2,JIVINO VERDE,1161
2553,1,SAN PEDRO DE LOS COFANES,1161
2554,2,SAN PABLO,1162
2555,1,SAN ROQUE,1162
2556,3,TIERRAS ORIENTALES,1162
2557,3,CUMANDA,1163
2558,2,MISS ECUADOR,1163
2559,1,SHUSHUFINDI CENTRAL,1163
2560,2,LUZ DE AMERICA,1164
2561,1,SIETE DE JULIO,1164
2562,0,SIN ZONA,1165
2563,0,SIN ZONA,1166
2564,0,SIN ZONA,1167
2565,2,LA BARQUILLA,1168
2566,1,ROSA FLORIDA,1168
2567,0,SIN ZONA,1169
2568,0,SIN ZONA,1170
2569,3,BAMENO,1171
2570,1,CONONACO - KAWIMENO,1171
2571,2,DIKARO,1171
2572,0,SIN ZONA,1172
2573,0,SIN ZONA,1173
2574,0,SIN ZONA,1174
2575,2,FRONTERAS DEL ECUADOR,1175
2576,1,YASUNI,1175
2577,0,SIN ZONA,1176
2578,1,DAYUMA,1177
2579,2,EL ANGEL,1177
2580,3,ESFUERZO AMAZONICO,1177
2581,6,MIWAGUNO,1177
2582,4,PUERTO PINDO,1177
2583,5,RIO TIPUTINI,1177
2584,7,TIGUANO,1177
2585,5,AMAZONAS,1178
2586,1,EL COCA,1178
2587,3,FLOR DE ORIENTE,1178
2588,4,FLOR DE PANTANO,1178
2589,6,JORGE RODRIGUEZ ROMAN,1178
2590,2,SAN JOSE DEL COCA,1178
2591,89,VOTO EN CASA,1178
2592,0,SIN ZONA,1179
2593,0,SIN ZONA,1180
2594,2,CASPISAPA,1181
2595,1,GARCIA MORENO,1181
2596,3,HUANCAVILCA,1182
2597,1,INES ARANGO,1182
2598,2,TIGUINO,1182
2599,8,CACIQUE JUMANDY,1183
2600,4,CANAAN SANGAY,1183
2601,6,ELOY ALFARO,1183
2602,2,JAGUAR DOS,1183
2603,1,LA BELLEZA,1183
2604,3,LAS DELICIAS,1183
2605,5,PALMA ROJA,1183
2606,1,NUEVO PARAISO,1184
2607,2,SAN LORENZO DE ACORANO,1184
2608,2,10 DE AGOSTO,1185
2609,3,KANOA YAKU,1185
2610,1,SAN JOSE DE GUAYUSA,1185
2611,2,ALTO MANDURO,1186
2612,1,SAN LUIS DE ARMENIA,1186
2613,4,PAMIWA KUCHA,1187
2614,2,SAN CARLOS,1187
2615,3,SAN VICENTE,1187
2616,1,TARACOA,1187
2617,0,SIN ZONA,1188
2618,3,12 DE FEBRERO,1189
2619,4,EL ORO,1189
2620,1,JOYA DE LOS SACHAS,1189
2621,2,MARISCAL SUCRE,1189
2622,1,LAGO SAN PEDRO,1190
2623,2,MIRAFLORES,1190
2624,1,POMPEYA,1191
2625,2,SAN ANTONIO,1191
2626,0,SIN ZONA,1192
2627,0,SIN ZONA,1193
2628,4,HUATARACU,1194
2629,2,SAN PABLO,1194
2630,1,SAN SEBASTIAN DE COCA,1194
2631,3,SARDINAS,1194
2632,2,25 DE DICIEMBRE,1195
2633,1,TRES DE NOVIEMBRE,1195
2634,2,SANTA ROSA,1196
2635,1,UNION MILAGREÃ‘A,1196
2636,1,AVILA,1197
2637,2,AVILA VIEJO,1197
2638,3,PUSCO COCHA,1197
2639,4,SAN BARTOLO,1197
2640,2,ALTAMIRA,1198
2641,1,LORETO,1198
2642,2,BAJO HUINO,1199
2643,3,JANDIA YACU,1199
2644,1,PUERTO MURIALDO,1199
2645,6,ARAPINO,1200
2646,2,LA PAZ,1200
2647,5,MUSHUK LLAKTA,1200
2648,3,PALTA COCHA,1200
2649,4,SAN CARLOS DE RIO BUENO,1200
2650,1,SAN JOSE DE DAHUANO,1200
2651,5,JUAN PIO MONTUFAR,1201
2652,3,SAN FRANCISCO DE ASIS,1201
2653,1,SAN JOSE DE PAYAMINO,1201
2654,4,UNION Y PROGRESO,1201
2655,2,VERDE SUMACO,1201
2656,0,SIN ZONA,1202
2657,6,10 DE AGOSTO,1203
2658,7,ALIANZA,1203
2659,2,FLOR DEL VALLE,1203
2660,1,LA CONCORDIA,1203
2661,3,LAS VEGAS,1203
2662,4,SANTA ROSA,1203
2663,5,VIRGEN DEL CISNE,1203
2664,89,VOTO EN CASA,1203
2665,0,SIN ZONA,1204
2666,0,SIN ZONA,1205
2667,0,SIN ZONA,1206
2668,2,15 DE SEPTIEMBRE,1207
2669,1,ABRAHAM CALAZACON,1207
2670,3,LAS PLAYAS,1207
2671,4,LOS COLONOS,1207
2672,5,LUZ DEL DIA,1207
2673,6,NUEVA AURORA,1207
2674,7,PLAN DE VIVIENDA,1207
2675,8,PROLETARIADO,1207
2676,10,SAN MIGUEL,1207
2677,9,VILLA FLORIDA,1207
2678,89,VOTO EN CASA,1207
2679,1,ALLURIQUIN,1208
2680,2,LA FLORIDA,1208
2681,3,MAR DE LA TRANQUILIDAD,1208
2682,7,ACACIAS,1209
2683,4,AVISPA CHILA,1209
2684,1,BOMBOLI,1209
2685,8,CHE GUEVARA,1209
2686,9,CIUDAD NUEVA,1209
2687,15,COLORADOS DEL BUA,1209
2688,10,ECHANIQUE,1209
2689,6,EL PORTÃ“N,1209
2690,11,JUAN EULOGIO,1209
2691,2,LAS DELICIAS,1209
2692,5,LIBERTAD LOJANA,1209
2693,12,LOS ROSALES,1209
2694,3,NUEVO ISRAEL,1209
2695,16,SAN PABLO DE CHILA,1209
2696,13,TERMINAL TERRESTRE,1209
2697,14,UCOM,1209
2698,89,VOTO EN CASA,1209
2699,1,CHIGUILPE,1210
2700,3,JULIO MORENO - SAN VICENTE DE AQUEPI,1210
2701,6,MARINA PEÃ‘AHERRERA,1210
2702,4,NUEVO CAMINO,1210
2703,7,NUEVO SANTO DOMINGO,1210
2704,2,SAN GABRIEL DEL BABA,1210
2705,5,UNIFICADOS,1210
2706,1,EL ESFUERZO,1211
2707,2,LA REFORMA,1211
2708,3,PALMAR DEL BIMBE,1211
2709,2,EL CONGOMA,1212
2710,1,LUZ DE AMÃ‰RICA,1212
2711,3,SAN VICENTE DEL NILA,1212
2712,5,EL PROGRESO,1213
2713,1,PUERTO LIMÃ“N,1213
1993,1,BELISARIO QUEVEDO,928
1994,2,LA GASCA,928
1995,3,LA PRIMAVERA,928
1996,4,LAS CASAS - LA GRANJA,928
1997,5,PAMBACHUPA,928
1998,2,BALCON DEL NORTE,929
1999,1,CARCELEN,929
2000,3,CARCELEN BAJO,929
2001,4,CARCELEN LIBRE,929
2002,5,CORAZON DE JESUS,929
2003,6,LOS EUCALIPTOS,929
2004,7,LOS MASTODONTES,929
2005,2,ATUCUCHO,930
2006,3,BELLAVISTA,930
2007,1,COCHAPAMBA,930
2008,4,CORDILLERA - EL PORVENIR,930
2009,5,EL PINAR ALTO,930
2010,6,LA PULIDA,930
2011,7,SAN VICENTE,930
2012,2,CARRETAS,931
2013,4,COLLA LOMA,931
2014,1,COMITE DEL PUEBLO,931
2015,3,LA BOTA,931
2016,2,23 DE JUNIO,932
2017,1,COTOCOLLAO,932
2018,61,CRS MASCULINO PICHINCHA N.  2,932
2019,3,JARRIN - LOMA HERMOSA,932
2020,4,QUITO NORTE,932
2021,5,THOMAS,932
2022,89,VOTO EN CASA,932
2023,2,COLINAS DEL NORTE,933
2024,1,EL CONDADO,933
2025,5,LA CAMPIÃ‘A,933
2026,4,RANCHO BAJO,933
2027,3,ROLDOS - PISULI,933
2028,6,SANTA ANITA,933
2029,2,24 DE MAYO,934
2030,3,BATAN - LA PAZ,934
2031,4,BENALCAZAR,934
2032,1,IÃ‘AQUITO,934
2033,5,LA CAROLINA,934
2034,2,GUAPULO,935
2035,1,ITCHIMBIA,935
2036,3,LA VICENTINA,935
2037,4,SAN PABLO,935
2038,5,TOLA BAJA,935
2039,2,EL INCA,936
2040,1,JIPIJAPA,936
2041,3,LOS LAURELES,936
2042,4,MONTESERRIN,936
2043,5,ZALDUMBIDE,936
2044,62,CAI MASCULINO - QUITO,937
2045,7,COFAVI,937
2046,61,CPPL MASCULINO PICHINCHA N.  1,937
2047,3,DAMMER - LOS ALAMOS,937
2048,1,KENNEDY,937
2049,4,LA LUZ,937
2050,5,LAS ACACIAS,937
2051,6,LOS PINOS,937
2052,2,RUMIÃ‘AHUI,937
2053,8,SANTA LUCIA,937
2054,3,AEROPUERTO,938
2055,4,EL ROSARIO,938
2056,1,LA CONCEPCION,938
2057,2,SAN CARLOS,938
2058,2,LA FLORESTA,939
2059,1,MARISCAL SUCRE,939
2060,3,LA OFELIA,940
2061,1,PONCEANO,940
2062,2,PONCEANO ALTO,940
2063,2,GRANDA CENTENO,941
2064,3,QUITO TENNIS,941
2065,1,RUMIPAMBA,941
2066,4,SAN GABRIEL,941
2067,2,AMAGASI,942
2068,3,LA QUINTANA,942
2069,4,LOS ALAMOS,942
2070,1,SAN ISIDRO DEL INCA,942
2071,5,SOLCA,942
2072,2,BARRIO LARREA,943
2073,3,EL PLACER - EL TEJAR,943
2074,4,LA AMERICA,943
2075,5,MIRAFLORES BAJO,943
2076,1,SAN JUAN,943
2077,6,TOCTIUCO,943
2078,1,CENTRO HISTORICO,944
2079,2,DON BOSCO,944
2080,3,LA LOMA,944
2081,4,LA VICTORIA,944
2082,5,PANECILLO,944
2083,6,RECOLETA,944
2084,89,VOTO EN CASA,944
2085,1,CHILIBULO,945
2086,2,CUARTEL MARISCAL SUCRE,945
2087,3,LA SANTIAGO,945
2088,4,MAGDALENA ALTA,945
2089,5,MAGDALENA BAJA,945
2090,6,SAN JOSE DE CHILIBULO,945
2091,7,YAGUACHI,945
2092,2,BUENA VENTURA,946
2093,1,CHILLOGALLO,946
2094,61,CPL PICHINCHA N.  3,946
2095,3,EL TRANSITO,946
2096,4,SAN LUIS,946
2097,5,SANTA MARTHA,946
2098,6,VENCEREMOS,946
2099,89,VOTO EN CASA,946
2100,2,ALPAHUASI,947
2101,1,CHIMBACALLE,947
2102,3,LA MEXICO,947
2103,4,LOS ANDES,947
2104,5,LULUNCOTO,947
2105,6,PIO XII,947
2106,1,GUAMANÃ,948
2107,4,JOSE PERALTA,948
2108,5,MATILDE ALVAREZ,948
2109,2,NUEVA AURORA,948
2110,3,PLAN VICTORIA,948
2111,6,TURUBAMBA DE MONJAS,948
2112,2,EL MIRADOR - SANTA ROSA,949
2113,1,LA ARGELIA,949
2114,3,LUCHA DE LOS POBRES - GUAJALO,949
2115,4,ORIENTE QUITEÃ‘O,949
2116,5,SAN MARTIN,949
2117,2,2 DE FEBRERO,950
2118,1,LA ECUATORIANA,950
2119,3,LAS ORQUIDEAS,950
2120,4,LAS ORQUIDEAS ALTAS,950
2121,5,MANUELA SAENZ,950
2122,6,NUEVOS HORIZONTES,950
2123,2,20 DE MAYO - LAS VERTIENTES,951
2124,3,CHAHUARQUINGO,951
2125,4,EL RECREO,951
2126,5,ELOY ALFARO,951
2127,6,FORESTAL,951
2128,1,LA FERROVIARIA,951
2129,7,SAN PATRICIO,951
2130,2,LA CANTERA,952
2131,3,LA ERMITA,952
2132,1,LA LIBERTAD,952
2133,4,LOS LIBERTADORES,952
2134,2,EL PINTADO,953
2135,3,LA ATAHUALPA,953
2136,1,LA MAGDALENA,953
2137,4,LOS DOS PUENTES,953
2138,5,PRIMERO DE MAYO,953
2139,6,VILLAFLORA,953
2140,1,LA MENA,954
2141,5,SAN FERNANDO,954
2142,3,SANTA BARBARA,954
2143,4,SANTA ROSA,954
2144,2,TARQUI,954
2145,2,BALCON DEL VALLE,955
2146,3,EDEN DEL VALLE,955
2147,4,JARDIN DEL VALLE - ALMA LOJANA,955
2148,5,ORQUIDEAS,955
2149,1,PUENGASI,955
2150,6,SAN JOSE DE MONJAS,955
2151,2,EJERCITO NACIONAL,956
2152,3,EL VERGEL,956
2153,4,NUEVOS HORIZONTES DEL SUR,956
2154,5,PUEBLO SOLO PUEBLO,956
2155,6,PUEBLO UNIDO,956
2156,1,QUITUMBE,956
2157,7,SALVADOR ALLENDE,956
2158,2,BARRIONUEVO,957
2159,4,CLEMENTE BALLEN,957
2160,5,EL CALZADO,957
2161,3,QUITO SUR,957
2162,1,SAN BARTOLO,957
2163,2,GONZ. ZALDUMBIDE - MAYORISTA,958
2164,4,REGISTRO CIVIL,958
2165,3,SANTA RITA,958
2166,1,SOLANDA,958
2167,4,BEATERIO,959
2168,6,CAMPO ALEGRE,959
2169,2,CAUPICHU,959
2170,5,EL CONDE,959
2171,3,ETERNIT,959
2172,7,SANTO THOMAS,959
2173,1,TURUBAMBA,959
2174,1,ALANGASI,960
2175,2,EL TINGO,960
2176,1,AMAGUAÃ‘A,961
2177,2,CHAUPITENA,961
2178,0,SIN ZONA,962
2179,0,SIN ZONA,963
2180,1,CALDERON,964
2181,2,CARAPUNGO,964
2182,7,LLANO GRANDE,964
2183,4,MARIANITAS,964
2184,6,SAN JOSE DE MORAN,964
2185,5,SAN JUAN DE CALDERON,964
2186,3,SAN MIGUEL DEL COMÃšN,964
2187,0,SIN ZONA,965
2188,0,SIN ZONA,966
2189,1,CONOCOTO,967
2190,3,HOSPITALARIA,967
2191,2,LA ARMENIA,967
2192,5,ONTANEDA LA SALLE,967
2193,4,SANTA MONICA,967
2194,2,COLEGIO MENOR,968
2195,1,CUMBAYA,968
2196,3,LUMBISÃ,968
2197,0,SIN ZONA,969
2198,0,SIN ZONA,970
2199,0,SIN ZONA,971
2200,0,SIN ZONA,972
2201,0,SIN ZONA,973
2202,2,CHIRIBOGA,974
2203,1,LLOA,974
2204,3,SAN JUAN DE LLOA,974
2205,0,SIN ZONA,975
2206,0,SIN ZONA,976
2207,0,SIN ZONA,977
2208,0,SIN ZONA,978
2209,3,PACHIJAL,979
2210,1,PACTO,979
2211,2,SAGUANGAL,979
2212,0,SIN ZONA,980
2213,0,SIN ZONA,981
2214,1,PINTAG,982
2215,3,TOLONTAG,982
2216,2,UBILLUS,982
2217,1,POMASQUI,983
2218,2,PUSUQUI,983
2219,3,ALCHIPICHI,984
2220,2,ALOGUINCHO,984
2221,1,PUELLARO,984
2222,0,SIN ZONA,985
2223,3,IGUIÃ‘ARO,986
2224,1,QUINCHE,986
2225,2,SAN VICENTE DE CUPUCURO,986
2226,0,SIN ZONA,987
2227,2,EL MERIDIANO,988
2228,3,PLAYA RICA,988
2229,1,SAN JOSE DE MINAS,988
2230,0,SIN ZONA,989
2231,3,LA MORITA,990
2232,4,TOLA CHICA,990
2233,2,TOLA GRANDE,990
2234,1,TUMBACO,990
2235,0,SIN ZONA,991
2236,0,SIN ZONA,992
2237,0,SIN ZONA,993
2238,1,CANGAHUA,994
2239,2,CHUMILLOS,994
2240,4,PISAMBILLA,994
2241,3,SAN ANTONIO,994
2242,6,SAN LUIS DE GUACHALÃ,994
2243,5,SANTA ROSA DE PACCHA,994
2244,0,SIN ZONA,995
2245,0,SIN ZONA,996
2246,0,SIN ZONA,997
2247,0,SIN ZONA,998
2248,0,SIN ZONA,999
2249,0,SIN ZONA,1000
2250,0,SIN ZONA,1001
2251,0,SIN ZONA,1002
2252,0,SIN ZONA,1003
2253,0,SIN ZONA,1004
2254,1,CUTUGLAGUA,1005
2255,2,SANTA ROSA,1005
2256,0,SIN ZONA,1006
2257,2,EL MURCO,1007
2258,1,TAMBILLO,1007
2259,0,SIN ZONA,1008
2260,0,SIN ZONA,1009
2261,0,SIN ZONA,1010
2262,0,SIN ZONA,1011
2263,0,SIN ZONA,1012
2264,2,LA FLORENCIA,1013
2265,1,TUPIGACHI,1013
2266,3,ANDOAS,1014
2267,2,LA CELICA,1014
2268,1,PEDRO VICENTE MALDONADO,1014
2269,4,SALCEDO LINDO,1014
2270,3,LA ABUNDANCIA,1015
2271,5,LAS MARAVILLAS,1015
2272,1,PUERTO QUITO,1015
2273,4,SANTA MARIANITA,1015
2274,2,SIMON BOLIVAR,1015
2275,0,SIN ZONA,1016
2276,0,SIN ZONA,1017
2277,0,SIN ZONA,1018
2278,0,SIN ZONA,1019
2279,0,SIN ZONA,1020
2280,0,SIN ZONA,1021
2281,1,MINDO,1022
2282,2,PUEBLO NUEVO,1022
2283,2,GANADEROS ORENSES,1023
2284,4,RÃO BLANCO,1023
2285,1,S.MIGUEL DE LOS BANCOS,1023
2286,3,SAN BERNABE,1023
2287,1,AMBATILLO,1024
2288,2,AMBATILLO ALTO,1024
2289,0,SIN ZONA,1025
2290,2,ATOCHA,1026
2291,1,ATOCHA FICOA,1026
2292,1,AUGUSTO N. MARTINEZ,1027
2293,4,LAQUIGO,1027
2294,2,LLATANTOMA,1027
2295,3,SAMANGA,1027
2296,0,SIN ZONA,1028
2297,0,SIN ZONA,1029
2298,0,SIN ZONA,1030
2299,0,SIN ZONA,1031
2300,1,HUACHI GRANDE,1032
2301,2,HUACHI SAN FRANCISCO,1032
2302,61,CPL TUNGURAHUA N.  1,1033
2303,0,SIN ZONA,1033
2304,89,VOTO EN CASA 1,1033
2305,90,VOTO EN CASA 2,1033
2306,0,SIN ZONA,1034
2307,0,SIN ZONA,1035
2308,1,LA MATRIZ,1036
2309,2,MIRAFLORES,1036
2310,0,SIN ZONA,1037
2311,0,SIN ZONA,1038
2312,0,SIN ZONA,1039
2313,2,MOGATO,1040
2314,1,PASA,1040
2315,1,PICAYHUA,1041
2316,2,SIGSIPAMBA,1041
2317,3,EL SALADO,1042
2318,1,PILAHUIN,1042
2319,2,TAMBO LOMA,1042
2320,3,LA JOYA,1043
2321,1,PISHILATA,1043
2322,2,SAN VICENTE,1043
2323,4,TECHO PROPIO - TIUGUA,1043
2324,2,ILLAGUA CHICO,1044
2325,1,QUISAPINCHA,1044
2326,2,ANGAMARQUILLO,1045
2327,1,SAN BARTOLOME,1045
2328,0,SIN ZONA,1046
2329,0,SIN ZONA,1047
2330,2,CUATRO ESQUINAS,1048
2331,1,SANTA ROSA,1048
2332,2,HUACHI TOTORAS,1049
2333,1,TOTORAS,1049
2334,2,LA PRIMAVERA,1050
2335,1,UNAMUNCHO,1050
2336,0,SIN ZONA,1051
2337,0,SIN ZONA,1052
2338,0,SIN ZONA,1053
2339,0,SIN ZONA,1054
2340,1,ULBA,1055
2341,2,VIZCAYA,1055
2342,0,SIN ZONA,1056
2343,1,MOCHA,1057
2344,2,YANAHURCO,1057
2345,0,SIN ZONA,1058
2346,0,SIN ZONA,1059
2347,0,SIN ZONA,1060
2348,0,SIN ZONA,1061
2349,0,SIN ZONA,1062
2350,0,SIN ZONA,1063
2351,0,SIN ZONA,1064
2352,0,SIN ZONA,1065
2353,0,SIN ZONA,1066
2354,0,SIN ZONA,1067
2355,0,SIN ZONA,1068
2356,0,SIN ZONA,1069
2357,0,SIN ZONA,1070
2358,89,VOTO EN CASA,1070
2359,0,SIN ZONA,1071
2360,0,SIN ZONA,1072
2361,0,SIN ZONA,1073
2362,0,SIN ZONA,1074
2363,0,SIN ZONA,1075
2364,0,SIN ZONA,1076
2365,0,SIN ZONA,1077
2366,0,SIN ZONA,1078
2367,2,HUAPANTE GRANDE,1079
2368,1,SAN ANDRES,1079
2369,0,SIN ZONA,1080
2370,0,SIN ZONA,1081
2371,0,SIN ZONA,1082
2372,0,SIN ZONA,1083
2373,0,SIN ZONA,1084
2374,0,SIN ZONA,1085
2375,0,SIN ZONA,1086
2376,0,SIN ZONA,1087
2377,0,SIN ZONA,1088
2378,4,LA WINTZA,1089
2379,3,NANGUIPA ALTO,1089
2380,6,SAN PABLO,1089
2381,1,ZUMBI,1089
2382,1,CHITO,1090
2383,2,NUEVOS HORIZONTES,1090
2384,3,SALTO DEL INCA,1090
2388,2,LA PALMA,1094
2389,1,SAN ANDRES,1094
2390,3,BELLAVISTA,1095
2391,2,EL PROGRESO,1095
2392,6,GUARIMIZAL,1095
2393,4,LA DIVERSION,1095
2394,5,LA GUAYUSA,1095
2395,1,ZUMBA,1095
2396,4,CHUCHUMBLETZA,1096
2397,1,EL GUISMI,1096
2398,2,LA ARGELIA,1096
2399,3,MIASI,1096
2400,1,EL PANGUI,1097
2401,2,KUNKI,1097
2402,3,UWENTS,1097
2403,1,PACHICUTZA,1098
2404,2,SAN ROQUE,1098
2405,3,SHACAY,1098
2406,0,SIN ZONA,1099
2407,0,SIN ZONA,1100
2408,0,SIN ZONA,1101
2409,1,NUEVO PARAISO,1102
2410,3,SELVA ALEGRE,1102
2411,2,YAWI,1102
2412,3,SHAIMI,1103
2413,1,ZURMI,1103
2414,3,CUMANDA,1104
2415,1,EL PORVENIR DEL CARMEN,1104
2416,5,LOYOLA,1104
2417,6,NUMBALA,1104
2418,2,SANTA CLARA,1104
2419,0,SIN ZONA,1105
2420,1,PALANDA,1106
2421,3,PUCARON,1106
2422,2,VALLE HERMOZO,1106
2423,1,SAN FRANCISCO DEL VERGEL,1107
2424,2,SAN JUAN DE PUNCHES,1107
2425,3,SAN MARTIN DE PORRES,1107
2426,3,FATIMA,1108
2427,2,TAPALA,1108
2428,1,VALLADOLID,1108
2429,0,SIN ZONA,1109
2430,1,NUEVO QUITO,1110
2431,2,PTO. MINERO LA PUNTA,1110
2432,1,PAQUISHA,1111
2433,2,RIO BLANCO,1111
2434,0,SIN ZONA,1112
2435,2,CHAPINTZA BAJO,1113
2436,3,KURINTS,1113
2437,1,LA PAZ,1113
2438,4,NUEVO PORVENIR,1113
2439,3,LA ESPERANZA,1114
2440,2,SAYUPAMBA,1114
2441,1,TUTUPALI,1114
2442,1,CHICANA,1115
2443,2,SAN VICENTE DE CANEY,1115
2444,2,EL ZARZA,1116
2445,1,LOS ENCUENTROS,1116
2446,3,NUEVA ESPERANZA,1117
2447,2,SAN SEBASTIAN,1117
2448,1,YANZATZA,1117
2449,1,CUMBARATZA,1118
2450,3,LA QUEBRADA DE CUMBARATZA,1118
2451,2,NAMBIJA BAJO,1118
2452,0,SIN ZONA,1119
2453,1,GUADALUPE,1120
2454,2,GUAGUAYME ALTO,1120
2455,4,PIUNTZA,1120
2456,3,SOAPACA,1120
2457,2,EL TIBIO,1121
2458,1,LA VICTORIA DE IMBANA,1121
2459,3,TAMBO BLANCO,1121
2460,0,SIN ZONA,1122
2461,2,NAMBIJA,1123
2462,1,SAN CARLOS DE LAS MINAS,1123
2463,3,LA PITUCA,1124
2464,2,ROMERILLOS BAJOS,1124
2465,1,TIMBARA,1124
2466,0,SIN ZONA,1125
2467,89,VOTO EN CASA,1125
2468,0,SIN ZONA,1126
2469,89,VOTO EN CASA,1126
2470,0,SIN ZONA,1127
2471,0,SIN ZONA,1128
2472,0,SIN ZONA,1129
2473,0,SIN ZONA,1130
2474,89,VOTO EN CASA,1130
2475,1,BELLA VISTA,1131
2476,2,EL CASCAJO EL CAMOTE,1131
2477,0,SIN ZONA,1132
2478,89,VOTO EN CASA,1132
2479,0,SIN ZONA,1133
2480,5,BERMEJO,1134
2481,1,EL DORADO DE CASCALES,1134
2482,6,TARUKA,1134
2483,5,KUYLLIS,1135
2484,2,LOS ANGELES,1135
2485,3,LOS MADEROS,1135
2486,4,MUSHUK KAWSAY,1135
2487,1,NUEVA TRONCAL,1135
2488,0,SIN ZONA,1136
2489,0,SIN ZONA,1137
2490,1,AGUAS NEGRAS,1138
2491,3,REY DE LOS ANDES,1138
2492,2,SAN VICTORIANO,1138
2493,1,CUYABENO,1139
2494,2,ZABALO,1139
2495,3,CENTRO ENO,1140
2496,2,CENTRO UNIÃ“N,1140
2497,5,SOTOSIAYA,1140
2498,4,TAIKIWA,1140
2499,1,TARAPOA,1140
2500,0,SIN ZONA,1141
2501,4,AMAZONAS,1142
2502,2,DASHINO,1142
2503,1,GONZALO PIZARRO,1142
2504,3,PANDAYACU,1142
2505,0,SIN ZONA,1143
2506,1,PUERTO LIBRE,1144
2507,2,SINANGUE,1144
2508,1,10 DE AGOSTO,1145
2509,2,SALINAS,1145
2510,3,SAN PEDRO (EL CONDOR),1145
2511,0,SIN ZONA,1146
2512,2,ATARY,1147
2513,1,EL ENO,1147
2514,3,EL TRIUNFO UNO,1147
2515,4,CORAZÃ“N ORENSE,1148
2516,1,GENERAL FARFAN,1148
2517,3,PATRIA NUEVA,1148
2518,2,TRES PALMAS,1148
2519,2,BARRANCA BERMEJA,1149
2520,1,JAMBELI,1149
2521,61,CPL SUCUMBIOS N.  1,1150
2522,3,LA PISTA,1150
2523,1,NUEVA LOJA,1150
2524,2,PUERTO AGUARICO,1150
2525,89,VOTO EN CASA,1150
2526,3,CHIRITZA,1151
2527,2,CHONE UNO,1151
2528,4,JUAN MONTALVO,1151
2529,1,PACAYACU,1151
2530,5,PUERTO NUEVO,1151
2531,3,AKIWARI,1152
2532,4,CUCHAPAMBA,1152
2533,5,LUCHA DE LOS POBRES,1152
2534,2,LUZ Y VIDA,1152
2535,1,SANTA CECILIA,1152
2536,0,SIN ZONA,1153
2537,0,SIN ZONA,1154
2714,3,SAN REMO,1213
2715,2,SANTA CECILIA DE PUPUSA,1213
2716,4,VICENTE ROCAFUERTE,1213
2717,8,10 DE AGOSTO,1214
2718,5,BRASILIA DEL TOACHI,1214
2719,4,EL PARAISO,1214
2720,2,EL PLACER DEL TOACHI,1214
2721,3,LAS MERCEDES,1214
2722,7,LIBERTAD DEL TOACHI,1214
2723,1,RIO TOACHI,1214
2724,6,VELASCO IBARRA,1214
2725,8,20 DE OCTUBRE,1215
2726,9,AQUEPÃ,1215
2727,61,CPL SANTO DOMINGO N.  2,1215
2728,3,CRISTO VIVE,1215
2729,2,JULIO MORENO ESPINOZA,1215
2730,10,LA CADENA,1215
2731,4,LA PEPSI,1215
2732,5,LA QUEVEDO,1215
2733,11,LAS PALMERAS,1215
2734,1,RIO VERDE,1215
2735,7,SANTA MARTHA -1-,1215
2736,6,SANTA MARTHA -2-,1215
2737,89,VOTO EN CASA,1215
2738,4,SAN FRANCISCO DE CHILA,1216
2739,1,SAN JACINTO DEL BUA,1216
2740,5,SAN PEDRO DEL LAUREL,1216
2741,3,SAN VICENTE DEL BUA,1216
2742,2,UMPECHICO,1216
2743,2,CORINA PARRAL,1217
2744,4,LA MORENA,1217
2745,3,SAN JOSE DEL MIRADOR,1217
2746,1,SANTA MARIA DEL TOACHI,1217
2747,4,30 DE JULIO -1-,1218
2748,3,CLEMENCIA DE MORA,1218
2749,61,CPL SANTO DOMINGO N.  1,1218
2750,1,SANTO DOMINGO,1218
2751,89,VOTO EN CASA,1218
2752,7,AUTENTICOS CAMPESINOS,1219
2753,4,CHIGUILPE,1219
2754,2,CRISTOBAL COLON,1219
2755,5,EL RECREO,1219
2756,6,LA ASUNCION,1219
2757,3,LA MARIANITA,1219
2758,8,UNION GANADERA,1219
2759,1,VALLE HERMOSO,1219
2760,2,9 DE DICIEMBRE,1220
2761,1,ZARACAY,1220
2762,1,LA LIBERTAD,1221
2763,89,VOTO EN CASA,1221
2764,3,ZONA 1,1221
2765,4,ZONA 2,1221
2766,2,ZONA 3,1221
2767,5,ZONA 4,1221
2768,0,SIN ZONA,1222
2769,0,SIN ZONA,1223
2770,0,SIN ZONA,1224
2771,2,EL PARAISO,1225
2772,1,JOSE LUIS TAMAYO / MUEY,1225
2773,0,SIN ZONA,1226
2774,89,VOTO EN CASA,1226
2775,0,SIN ZONA,1227
2776,0,SIN ZONA,1228
2777,0,SIN ZONA,1229
2778,0,SIN ZONA,1230
2779,1,CHANDUY,1231
2780,5,PECHICHE / EL REAL,1231
2781,6,SAN GERONIMO,1231
2782,4,TUGADUAJA / ENGUNGA,1231
2783,3,ZAPOTAL,1231
2784,10,AGUADITA,1232
2785,9,AYANGUE,1232
2786,5,BAMBIL DESECHO,1232
2787,1,COLONCHE,1232
2788,7,LAS BALSAS,1232
2789,6,LOMA ALTA,1232
2790,11,MANANTIAL DE COLONCHE,1232
2791,3,MANANTIAL DE GUANGALA,1232
2792,4,MONTEVERDE,1232
2793,2,PALMAR,1232
2794,8,SALANGUILLO,1232
2795,6,CADEATE,1233
2796,9,DOS MANGAS,1233
2797,5,LA ENTRADA,1233
2798,8,LA RINCONADA,1233
2799,1,MANGLARALTO,1233
2800,7,MONTAÃ‘ITA,1233
2801,4,OLON,1233
2802,2,SAN PEDRO / VALDIVIA,1233
2803,3,SINCHAL,1233
2804,10,SITIO NUEVO,1233
2805,2,PROSPERIDAD / EL TAMBO,1234
2806,1,SAN JOSE DE ANCON,1234
2807,4,AZUCAR,1235
2808,6,BAÃ‘OS DE SAN VICENTE,1235
2809,3,OTTO AROSEMENA,1235
2810,2,SAN PABLO,1235
2811,5,SAN VICENTE,1235
2812,1,SANTA ELENA,1235
2813,89,VOTO EN CASA,1235
2814,2,JUNTAS DEL PACIFICO,1236
2815,5,LA FRUTILLA,1236
2816,4,LIMONCITO,1236
2817,1,SIMON BOLIVAR,1236
2818,3,SUBE Y BAJA,1236
2819,1,BERLIN,1237
2820,2,BONN,1237
2821,3,HAMBURGO,1237
2822,1,CAMBERRA,1238
2823,2,SYDNEY,1238
2824,1,.VIENA,1239
2825,1,.BRUSELAS,1240
2826,1,.BEIJING,1241
2827,1,.GUANZHOU,1242
2828,1,.SHANGAI,1243
2829,1,.SEUL,1244
2830,1,.BARCELONA,1245
2831,3,BARCELONA / NAVARRA,1245
2832,2,BARCELONA / TERRASSA,1245
2833,1,.MADRID,1246
2834,2,MADRID / TOLEDO,1246
2835,3,MALAGA / ALMERIA,1247
2836,4,MALAGA / GRANADA,1247
2837,6,MALAGA / HUELVA,1247
2838,1,MALAGA / MALAGA,1247
2839,5,MALAGA / MARBELLA,1247
2840,2,MALAGA / SEVILLA Y CORDOVA,1247
2841,8,MALAGA / VERA,1247
2842,1,.MURCIA,1248
2843,4,MURCIA / CARTAGENA MAR MENOR,1248
2844,2,MURCIA / JUMILLA - YECLA,1248
2845,3,MURCIA / LORCA,1248
2846,1,.PALMA DE MALLORCA,1249
2847,2,.ALICANTE,1250
2848,1,.VALENCIA,1250
2849,2,BELARÃšS,1251
2850,1,MOSCU,1251
2851,1,.PARIS,1252
2852,1,.BUDAPEST,1253
2853,1,.YAKARTA,1254
2854,1,.TEL AVIV,1255
2855,1,.GENOVA,1256
2856,1,MILAN / MILAN,1257
2857,2,MILAN / TURIN,1257
2858,1,.ROMA,1258
2859,1,.TOKIO,1259
2860,1,.LA HAYA,1260
2861,2,LISBOA,1261
2862,1,LONDRES,1261
2863,1,.ESTOCOLMO,1262
2864,1,BERNA,1263
2865,2,LAUSANNE,1263
2866,1,.ANKARA,1264
2867,2,MONTREAL,1265
2868,1,OTTAWA,1265
2869,1,.TORONTO,1266
2870,1,.ATLANTA,1267
2871,2,ATLANTA / CHARLOTTE,1267
2872,1,.CHICAGO,1268
2873,1,.CONNECTICUT,1269
2874,2,CONNECTICUT / GREATER DANBURY,1269
2875,1,HOUSTON,1270
2876,2,NEW ORLEANS,1270
2877,1,LOS ANGELES,1271
2878,2,SAN FRANCISCO,1271
2879,1,MIAMI / MIAMI,1272
2880,2,MIAMI / ORLANDO,1272
2881,1,.MINNEAPOLIS,1273
2882,1,.NEW JERSEY,1274
2883,3,NEW JERSEY / HIGHSTOWN - TRENTON,1274
2884,2,NEW JERSEY / PLAINFIELD,1274
2885,1,.NUEVA YORK,1275
2886,3,NUEVA YORK / HUDSON VALLEY,1275
2887,4,NUEVA YORK / LONG ISLAND,1275
2888,2,NUEVA YORK / QUEENS,1275
2889,1,.PHOENIX,1276
2890,1,.WASHINGTON,1277
2891,1,.BUENOS AIRES,1278
2892,1,.LA PAZ,1279
2893,1,.BRASILIA,1280
2894,2,RIO DE JANEIRO,1281
2895,1,SAO PAULO,1281
2896,1,.SANTIAGO,1282
2897,1,.BOGOTA,1283
2898,2,CALI,1284
2899,1,IPIALES,1284
2900,1,.SAN JOSE,1285
2901,1,HABANA / HABANA,1286
2902,5,HABANA / SANTA CLARA,1286
2903,1,.EL CAIRO,1287
2904,1,.SAN SALVADOR,1288
2905,1,.GUATEMALA,1289
2906,2,MANAGUA,1290
2907,1,TEGUCIGALPA,1290
2908,1,.MEXICO,1291
2909,1,.MONTERREY,1292
2910,1,.PANAMA,1293
2911,1,.ASUNCION,1294
2912,1,.LIMA,1295
2913,2,PIURA,1296
2914,1,TUMBES,1296
2915,1,.SANTO DOMINGO,1297
2916,1,.PRETORIA,1298
2917,1,.MONTEVIDEO,1299
2918,1,CARACAS,1300
2919,3,VALENCIA,1300